Date,Rainfall_mm
2015-01-01,0.0
2015-01-02,0.0
2015-01-03,0.0
2015-01-04,0.0
2015-01-05,0.0
2015-01-06,0.0
2015-01-07,0.0
2015-01-08,0.0
2015-01-09,0.0
2015-01-10,0.0
2015-01-11,0.0
2015-01-12,0.0
2015-01-13,0.0
2015-01-14,0.0
2015-01-15,0.0
2015-01-16,0.0
2015-01-17,0.0
2015-01-18,0.0
2015-01-19,0.0
2015-01-20,0.0
2015-01-21,0.0
2015-01-22,0.0
2015-01-23,0.0
2015-01-24,0.0
2015-01-25,0.0
2015-01-26,0.0
2015-01-27,0.0
2015-01-28,0.0
2015-01-29,0.0
2015-01-30,0.0
2015-01-31,0.0
2015-02-01,0.0
2015-02-02,0.0
2015-02-03,0.0
2015-02-04,0.0
2015-02-05,0.0
2015-02-06,0.0
2015-02-07,0.0
2015-02-08,0.0
2015-02-09,0.0
2015-02-10,0.0
2015-02-11,0.0
2015-02-12,0.0
2015-02-13,0.0
2015-02-14,0.0
2015-02-15,0.0
2015-02-16,0.0
2015-02-17,0.0
2015-02-18,0.0
2015-02-19,0.0
2015-02-20,0.0
2015-02-21,0.0
2015-02-22,0.0
2015-02-23,0.0
2015-02-24,0.0
2015-02-25,0.0
2015-02-26,0.0
2015-02-27,0.0
2015-02-28,0.0
2015-03-01,43.341778
2015-03-02,10.932629
2015-03-03,0.0
2015-03-04,0.0
2015-03-05,0.0
2015-03-06,0.0
2015-03-07,0.0
2015-03-08,0.0
2015-03-09,0.0
2015-03-10,0.0
2015-03-11,0.88758236
2015-03-12,0.0
2015-03-13,0.0
2015-03-14,0.0
2015-03-15,0.0
2015-03-16,0.0
2015-03-17,0.0
2015-03-18,0.0
2015-03-19,0.0
2015-03-20,0.0
2015-03-21,0.0
2015-03-22,0.0
2015-03-23,0.0
2015-03-24,0.0
2015-03-25,0.0
2015-03-26,0.0
2015-03-27,0.0
2015-03-28,0.0
2015-03-29,0.856761
2015-03-30,3.4218507
2015-03-31,0.0
2015-04-01,0.0
2015-04-02,0.0
2015-04-03,0.0
2015-04-04,0.0
2015-04-05,0.0
2015-04-06,0.0
2015-04-07,0.0
2015-04-08,0.0
2015-04-09,0.0
2015-04-10,0.0
2015-04-11,0.0
2015-04-12,0.0
2015-04-13,0.0
2015-04-14,0.0
2015-04-15,0.0
2015-04-16,0.0
2015-04-17,0.0
2015-04-18,0.0
2015-04-19,0.0
2015-04-20,0.0
2015-04-21,0.0
2015-04-22,0.1925502
2015-04-23,0.0
2015-04-24,0.0
2015-04-25,0.0
2015-04-26,0.0
2015-04-27,0.0
2015-04-28,0.0
2015-04-29,0.0
2015-04-30,0.0
2015-05-01,0.0
2015-05-02,0.0
2015-05-03,0.0
2015-05-04,0.0
2015-05-05,0.0
2015-05-06,4.076028
2015-05-07,0.0
2015-05-08,0.0
2015-05-09,0.0
2015-05-10,0.11289849
2015-05-11,0.0
2015-05-12,0.0
2015-05-13,0.35899904
2015-05-14,95.97358
2015-05-15,0.0
2015-05-16,2.961742
2015-05-17,0.0
2015-05-18,0.0
2015-05-19,0.0
2015-05-20,0.0
2015-05-21,0.0
2015-05-22,0.0
2015-05-23,0.0
2015-05-24,0.0
2015-05-25,0.0
2015-05-26,0.0
2015-05-27,0.0
2015-05-28,0.0
2015-05-29,0.0
2015-05-30,1.2356555
2015-05-31,0.0
2015-06-01,0.0
2015-06-02,0.0
2015-06-03,0.0
2015-06-04,0.0
2015-06-05,10.983393
2015-06-06,3.1369607
2015-06-07,0.0
2015-06-08,19.183975
2015-06-09,56.542347
2015-06-10,10.410973
2015-06-11,0.0
2015-06-12,30.745216
2015-06-13,0.19227149
2015-06-14,0.0
2015-06-15,0.3054487
2015-06-16,2.4486294
2015-06-17,0.0
2015-06-18,0.0
2015-06-19,2.7122052
2015-06-20,4.3147383
2015-06-21,3.7736607
2015-06-22,59.349644
2015-06-23,7.7675476
2015-06-24,43.597145
2015-06-25,4.2611256
2015-06-26,0.0
2015-06-27,0.0
2015-06-28,0.0
2015-06-29,0.35899904
2015-06-30,1.358092
2015-07-01,0.0
2015-07-02,0.0
2015-07-03,0.0
2015-07-04,0.0
2015-07-05,0.0
2015-07-06,0.0
2015-07-07,0.0
2015-07-08,0.0
2015-07-09,1.9182384
2015-07-10,1.0234468
2015-07-11,1.0131084
2015-07-12,0.0
2015-07-13,0.0
2015-07-14,0.0
2015-07-15,0.0
2015-07-16,2.7155988
2015-07-17,1.1927487
2015-07-18,0.6263711
2015-07-19,3.1839774
2015-07-20,3.422865
2015-07-21,9.0531225
2015-07-22,14.9125185
2015-07-23,2.139971
2015-07-24,0.6485662
2015-07-25,3.3776693
2015-07-26,1.5336267
2015-07-27,0.9108678
2015-07-28,8.626864
2015-07-29,2.5814106
2015-07-30,6.4150896
2015-07-31,1.555464
2015-08-01,0.7933782
2015-08-02,0.43769875
2015-08-03,0.13464291
2015-08-04,0.0
2015-08-05,2.430188
2015-08-06,1.8435544
2015-08-07,0.69460666
2015-08-08,0.99105406
2015-08-09,0.2335492
2015-08-10,0.18951213
2015-08-11,0.0
2015-08-12,2.5168443
2015-08-13,0.222362
2015-08-14,2.797379
2015-08-15,0.3085295
2015-08-16,0.0
2015-08-17,0.693785
2015-08-18,0.0
2015-08-19,0.0
2015-08-20,0.0
2015-08-21,0.0
2015-08-22,0.0
2015-08-23,0.3072106
2015-08-24,0.33986744
2015-08-25,0.0
2015-08-26,2.1134093
2015-08-27,0.0
2015-08-28,1.6803316
2015-08-29,5.1607943
2015-08-30,0.0
2015-08-31,0.55390257
2015-09-01,0.23187318
2015-09-02,0.0
2015-09-03,0.0
2015-09-04,0.0
2015-09-05,0.0
2015-09-06,0.0
2015-09-07,0.0
2015-09-08,0.0
2015-09-09,19.978931
2015-09-10,16.106594
2015-09-11,8.301406
2015-09-12,0.0
2015-09-13,14.429825
2015-09-14,2.117521
2015-09-15,0.5961925
2015-09-16,21.966644
2015-09-17,1.086591
2015-09-18,8.998993
2015-09-19,39.588737
2015-09-20,4.0456443
2015-09-21,0.0
2015-09-22,0.0
2015-09-23,0.0
2015-09-24,0.0
2015-09-25,0.0
2015-09-26,0.0
2015-09-27,0.0
2015-09-28,0.0
2015-09-29,0.0
2015-09-30,0.0
2015-10-01,0.0
2015-10-02,2.4169388
2015-10-03,23.192036
2015-10-04,10.316387
2015-10-05,2.6632488
2015-10-06,0.0
2015-10-07,0.0
2015-10-08,0.0
2015-10-09,0.0
2015-10-10,0.0
2015-10-11,8.615977
2015-10-12,29.337448
2015-10-13,0.0
2015-10-14,0.0
2015-10-15,0.0
2015-10-16,0.0
2015-10-17,0.0
2015-10-18,0.0
2015-10-19,0.0
2015-10-20,0.0
2015-10-21,0.0
2015-10-22,0.0
2015-10-23,0.0
2015-10-24,0.0
2015-10-25,0.0
2015-10-26,0.0
2015-10-27,0.0
2015-10-28,0.0
2015-10-29,0.0
2015-10-30,0.0
2015-10-31,0.0
2015-11-01,0.0
2015-11-02,0.0
2015-11-03,0.0
2015-11-04,0.0
2015-11-05,0.0
2015-11-06,0.0
2015-11-07,0.0
2015-11-08,0.0
2015-11-09,0.0
2015-11-10,0.0
2015-11-11,0.0
2015-11-12,0.0
2015-11-13,0.0
2015-11-14,0.0
2015-11-15,0.0
2015-11-16,0.0
2015-11-17,0.0
2015-11-18,0.0
2015-11-19,0.0
2015-11-20,0.0
2015-11-21,0.0
2015-11-22,0.36684272
2015-11-23,92.347305
2015-11-24,14.350881
2015-11-25,0.0
2015-11-26,0.0
2015-11-27,0.0
2015-11-28,0.0
2015-11-29,0.0
2015-11-30,0.0
2015-12-01,0.0
2015-12-02,0.0
2015-12-03,0.0
2015-12-04,0.0
2015-12-05,0.0
2015-12-06,0.0
2015-12-07,0.0
2015-12-08,0.0
2015-12-09,0.0
2015-12-10,0.0
2015-12-11,0.0
2015-12-12,0.0
2015-12-13,0.0
2015-12-14,0.0
2015-12-15,0.0
2015-12-16,0.0
2015-12-17,0.0
2015-12-18,0.0
2015-12-19,0.0
2015-12-20,0.0
2015-12-21,0.0
2015-12-22,0.0
2015-12-23,0.0
2015-12-24,0.0
2015-12-25,0.0
2015-12-26,0.0
2015-12-27,0.0
2015-12-28,0.0
2015-12-29,0.0
2015-12-30,0.0
2015-12-31,0.0
2016-01-01,0.0
2016-01-02,0.0
2016-01-03,0.0
2016-01-04,0.0
2016-01-05,0.0
2016-01-06,0.0
2016-01-07,0.0
2016-01-08,0.0
2016-01-09,0.0
2016-01-10,0.0
2016-01-11,0.0
2016-01-12,0.0
2016-01-13,0.0
2016-01-14,0.0
2016-01-15,0.0
2016-01-16,0.0
2016-01-17,0.0
2016-01-18,0.0
2016-01-19,0.0
2016-01-20,0.0
2016-01-21,0.0
2016-01-22,0.0
2016-01-23,0.0
2016-01-24,0.0
2016-01-25,0.0
2016-01-26,0.0
2016-01-27,0.0
2016-01-28,0.0
2016-01-29,0.0
2016-01-30,0.0
2016-01-31,0.0
2016-02-01,0.0
2016-02-02,0.0
2016-02-03,0.0
2016-02-04,0.0
2016-02-05,0.0
2016-02-06,0.0
2016-02-07,0.0
2016-02-08,0.0
2016-02-09,0.0
2016-02-10,0.0
2016-02-11,0.0
2016-02-12,0.0
2016-02-13,0.0
2016-02-14,0.0
2016-02-15,0.0
2016-02-16,0.0
2016-02-17,0.0
2016-02-18,0.0
2016-02-19,0.0
2016-02-20,0.0
2016-02-21,0.0
2016-02-22,0.0
2016-02-23,0.0
2016-02-24,0.0
2016-02-25,0.0
2016-02-26,0.0
2016-02-27,0.0
2016-02-28,0.0
2016-02-29,0.0
2016-03-01,0.0
2016-03-02,0.0
2016-03-03,11.526411
2016-03-04,0.0
2016-03-05,2.0366938
2016-03-06,0.0
2016-03-07,0.0
2016-03-08,0.0
2016-03-09,0.0
2016-03-10,0.0
2016-03-11,0.0
2016-03-12,0.0
2016-03-13,0.0
2016-03-14,0.0
2016-03-15,0.0
2016-03-16,0.0
2016-03-17,0.0
2016-03-18,0.0
2016-03-19,0.0
2016-03-20,0.0
2016-03-21,0.0
2016-03-22,0.0
2016-03-23,0.0
2016-03-24,0.0
2016-03-25,0.0
2016-03-26,0.0
2016-03-27,0.0
2016-03-28,0.0
2016-03-29,0.0
2016-03-30,0.0
2016-03-31,0.0
2016-04-01,0.0
2016-04-02,0.0
2016-04-03,0.0
2016-04-04,0.0
2016-04-05,0.0
2016-04-06,1.0876609
2016-04-07,0.0
2016-04-08,0.0
2016-04-09,0.0
2016-04-10,0.0
2016-04-11,0.0
2016-04-12,0.0
2016-04-13,0.0
2016-04-14,0.0
2016-04-15,0.0
2016-04-16,0.0
2016-04-17,0.0
2016-04-18,0.0
2016-04-19,0.0
2016-04-20,0.18127681
2016-04-21,0.0
2016-04-22,0.0
2016-04-23,0.0
2016-04-24,0.0
2016-04-25,0.0
2016-04-26,0.0
2016-04-27,0.0
2016-04-28,0.0
2016-04-29,0.0
2016-04-30,0.0
2016-05-01,0.0
2016-05-02,0.0
2016-05-03,0.0
2016-05-04,0.0
2016-05-05,0.0
2016-05-06,0.0
2016-05-07,0.0
2016-05-08,0.0
2016-05-09,0.0
2016-05-10,4.2994347
2016-05-11,0.0
2016-05-12,3.4853828
2016-05-13,0.0
2016-05-14,0.8974976
2016-05-15,0.0
2016-05-16,0.0
2016-05-17,0.0
2016-05-18,0.0
2016-05-19,0.0
2016-05-20,0.0
2016-05-21,0.0
2016-05-22,0.0
2016-05-23,0.0
2016-05-24,0.0
2016-05-25,0.0
2016-05-26,0.0
2016-05-27,0.0
2016-05-28,0.0
2016-05-29,0.0
2016-05-30,0.0
2016-05-31,0.0
2016-06-01,0.0
2016-06-02,4.2751155
2016-06-03,0.0
2016-06-04,0.14788674
2016-06-05,16.192547
2016-06-06,15.779475
2016-06-07,0.0
2016-06-08,0.0
2016-06-09,0.0
2016-06-10,0.0
2016-06-11,0.0
2016-06-12,0.0
2016-06-13,0.0
2016-06-14,0.0
2016-06-15,0.0
2016-06-16,0.0
2016-06-17,0.0
2016-06-18,0.0
2016-06-19,0.0
2016-06-20,1.9454281
2016-06-21,5.0069113
2016-06-22,3.4226506
2016-06-23,0.0
2016-06-24,2.3015757
2016-06-25,0.0
2016-06-26,4.562586
2016-06-27,4.2512193
2016-06-28,0.25168806
2016-06-29,5.313265
2016-06-30,0.14842424
2016-07-01,0.3210111
2016-07-02,11.550283
2016-07-03,67.61665
2016-07-04,45.673965
2016-07-05,11.608977
2016-07-06,18.113861
2016-07-07,2.727127
2016-07-08,3.8544815
2016-07-09,9.081648
2016-07-10,18.695179
2016-07-11,18.390322
2016-07-12,14.469793
2016-07-13,4.8335505
2016-07-14,1.5853298
2016-07-15,0.38100067
2016-07-16,0.25573063
2016-07-17,0.0
2016-07-18,0.62646496
2016-07-19,1.2826138
2016-07-20,0.9061886
2016-07-21,2.564227
2016-07-22,0.0
2016-07-23,2.7413068
2016-07-24,0.120776616
2016-07-25,0.0
2016-07-26,0.0
2016-07-27,0.28491414
2016-07-28,0.0
2016-07-29,0.8821956
2016-07-30,1.964297
2016-07-31,2.4645083
2016-08-01,6.945407
2016-08-02,15.003453
2016-08-03,44.64622
2016-08-04,74.56263
2016-08-05,2.839241
2016-08-06,47.073975
2016-08-07,2.7482302
2016-08-08,9.455843
2016-08-09,5.3371096
2016-08-10,8.803655
2016-08-11,9.309925
2016-08-12,3.2221055
2016-08-13,0.0
2016-08-14,0.33239985
2016-08-15,0.0
2016-08-16,0.0
2016-08-17,0.0
2016-08-18,0.0
2016-08-19,0.0
2016-08-20,0.0
2016-08-21,0.0
2016-08-22,0.66479963
2016-08-23,2.2031438
2016-08-24,7.1564965
2016-08-25,3.096221
2016-08-26,0.0
2016-08-27,0.20824495
2016-08-28,0.23742843
2016-08-29,0.14245707
2016-08-30,0.0
2016-08-31,0.0
2016-09-01,0.0
2016-09-02,0.46397555
2016-09-03,0.0
2016-09-04,1.828449
2016-09-05,0.0
2016-09-06,0.0
2016-09-07,0.16463035
2016-09-08,0.55944705
2016-09-09,0.0
2016-09-10,0.0
2016-09-11,0.5698283
2016-09-12,0.0
2016-09-13,0.0
2016-09-14,0.0
2016-09-15,3.8632336
2016-09-16,3.1345556
2016-09-17,11.48187
2016-09-18,17.645643
2016-09-19,4.7604504
2016-09-20,0.46051517
2016-09-21,3.9795318
2016-09-22,3.7671025
2016-09-23,3.3763359
2016-09-24,2.761861
2016-09-25,1.4065895
2016-09-26,0.0
2016-09-27,0.0
2016-09-28,0.0
2016-09-29,2.931501
2016-09-30,0.0
2016-10-01,0.0
2016-10-02,37.184002
2016-10-03,0.9782822
2016-10-04,2.0693378
2016-10-05,0.0
2016-10-06,0.52234256
2016-10-07,0.0
2016-10-08,0.0
2016-10-09,0.0
2016-10-10,1.0836815
2016-10-11,13.533421
2016-10-12,3.5614264
2016-10-13,0.9497137
2016-10-14,0.0
2016-10-15,0.0
2016-10-16,0.0
2016-10-17,0.0
2016-10-18,0.0
2016-10-19,0.0
2016-10-20,0.0
2016-10-21,0.0
2016-10-22,0.0
2016-10-23,0.0
2016-10-24,0.0
2016-10-25,0.0
2016-10-26,0.0
2016-10-27,0.0
2016-10-28,0.0
2016-10-29,0.0
2016-10-30,0.0
2016-10-31,0.0
2016-11-01,0.0
2016-11-02,0.0
2016-11-03,0.0
2016-11-04,0.0
2016-11-05,0.0
2016-11-06,0.0
2016-11-07,0.0
2016-11-08,0.0
2016-11-09,0.0
2016-11-10,0.0
2016-11-11,0.0
2016-11-12,0.0
2016-11-13,0.0
2016-11-14,0.0
2016-11-15,0.0
2016-11-16,0.0
2016-11-17,0.0
2016-11-18,0.0
2016-11-19,0.0
2016-11-20,0.0
2016-11-21,0.0
2016-11-22,0.0
2016-11-23,0.0
2016-11-24,0.0
2016-11-25,0.0
2016-11-26,0.0
2016-11-27,0.0
2016-11-28,0.0
2016-11-29,0.0
2016-11-30,0.0
2016-12-01,0.0
2016-12-02,0.0
2016-12-03,0.0
2016-12-04,0.0
2016-12-05,0.0
2016-12-06,0.0
2016-12-07,0.0
2016-12-08,0.0
2016-12-09,0.0
2016-12-10,0.0
2016-12-11,0.0
2016-12-12,0.0
2016-12-13,0.0
2016-12-14,0.0
2016-12-15,0.0
2016-12-16,0.0
2016-12-17,0.0
2016-12-18,0.0
2016-12-19,0.0
2016-12-20,0.0
2016-12-21,0.0
2016-12-22,0.0
2016-12-23,0.0
2016-12-24,0.0
2016-12-25,0.0
2016-12-26,0.0
2016-12-27,0.0
2016-12-28,0.0
2016-12-29,0.0
2016-12-30,0.0
2016-12-31,0.0
2017-01-01,0.0
2017-01-02,0.0
2017-01-03,0.0
2017-01-04,0.0
2017-01-05,0.0
2017-01-06,0.0
2017-01-07,0.0
2017-01-08,0.0
2017-01-09,0.0
2017-01-10,0.0
2017-01-11,0.0
2017-01-12,0.0
2017-01-13,0.0
2017-01-14,0.0
2017-01-15,0.0
2017-01-16,0.0
2017-01-17,0.0
2017-01-18,0.0
2017-01-19,0.0
2017-01-20,0.0
2017-01-21,0.0
2017-01-22,0.0
2017-01-23,0.0
2017-01-24,0.0
2017-01-25,0.0
2017-01-26,0.0
2017-01-27,0.0
2017-01-28,0.0
2017-01-29,0.0
2017-01-30,0.0
2017-01-31,0.0
2017-02-01,0.0
2017-02-02,0.0
2017-02-03,0.0
2017-02-04,0.0
2017-02-05,0.0
2017-02-06,0.0
2017-02-07,0.0
2017-02-08,0.0
2017-02-09,0.0
2017-02-10,0.0
2017-02-11,0.0
2017-02-12,0.0
2017-02-13,0.0
2017-02-14,0.0
2017-02-15,0.0
2017-02-16,0.0
2017-02-17,0.0
2017-02-18,0.0
2017-02-19,0.0
2017-02-20,0.0
2017-02-21,0.0
2017-02-22,0.0
2017-02-23,0.0
2017-02-24,0.0
2017-02-25,0.0
2017-02-26,0.0
2017-02-27,0.0
2017-02-28,0.0
2017-03-01,0.0
2017-03-02,0.0
2017-03-03,0.0
2017-03-04,0.0
2017-03-05,0.0
2017-03-06,0.0
2017-03-07,0.0
2017-03-08,0.0
2017-03-09,0.0
2017-03-10,0.0
2017-03-11,0.0
2017-03-12,0.0
2017-03-13,0.0
2017-03-14,0.0
2017-03-15,0.0
2017-03-16,0.0
2017-03-17,0.0
2017-03-18,0.0
2017-03-19,0.0
2017-03-20,0.0
2017-03-21,0.0
2017-03-22,0.0
2017-03-23,0.0
2017-03-24,0.0
2017-03-25,0.0
2017-03-26,0.0
2017-03-27,0.0
2017-03-28,0.0
2017-03-29,0.0
2017-03-30,0.0
2017-03-31,0.0
2017-04-01,0.0
2017-04-02,0.0
2017-04-03,0.0
2017-04-04,0.0
2017-04-05,0.0
2017-04-06,0.0
2017-04-07,0.0
2017-04-08,0.0
2017-04-09,0.0
2017-04-10,0.0
2017-04-11,0.0
2017-04-12,0.0
2017-04-13,0.0
2017-04-14,0.0
2017-04-15,0.0
2017-04-16,0.0
2017-04-17,0.0
2017-04-18,0.0
2017-04-19,0.0
2017-04-20,0.0
2017-04-21,0.0
2017-04-22,0.0
2017-04-23,0.0
2017-04-24,0.0
2017-04-25,0.0
2017-04-26,0.0
2017-04-27,0.0
2017-04-28,0.0
2017-04-29,0.0
2017-04-30,0.0
2017-05-01,0.0
2017-05-02,0.0
2017-05-03,0.0
2017-05-04,0.0
2017-05-05,0.0
2017-05-06,0.0
2017-05-07,0.0
2017-05-08,0.0
2017-05-09,0.0
2017-05-10,0.0
2017-05-11,0.0
2017-05-12,0.0
2017-05-13,2.0244632
2017-05-14,5.7357783
2017-05-15,0.0
2017-05-16,0.0
2017-05-17,0.0
2017-05-18,0.0
2017-05-19,0.0
2017-05-20,0.0
2017-05-21,0.0
2017-05-22,0.0
2017-05-23,0.0
2017-05-24,0.0
2017-05-25,0.0
2017-05-26,0.0
2017-05-27,0.0
2017-05-28,0.0
2017-05-29,0.0
2017-05-30,0.5384986
2017-05-31,0.19256559
2017-06-01,0.0
2017-06-02,2.0940769
2017-06-03,0.0
2017-06-04,0.4845081
2017-06-05,0.0
2017-06-06,0.0
2017-06-07,0.0
2017-06-08,0.0
2017-06-09,0.0
2017-06-10,0.0
2017-06-11,0.0
2017-06-12,0.0
2017-06-13,26.003918
2017-06-14,0.0
2017-06-15,49.52692
2017-06-16,3.4555736
2017-06-17,24.396566
2017-06-18,22.086979
2017-06-19,0.0
2017-06-20,0.0
2017-06-21,0.0
2017-06-22,0.0
2017-06-23,1.1544982
2017-06-24,0.9920088
2017-06-25,4.0145206
2017-06-26,11.191051
2017-06-27,7.967214
2017-06-28,3.8886356
2017-06-29,3.1872313
2017-06-30,16.895437
2017-07-01,5.026562
2017-07-02,2.7123747
2017-07-03,8.582797
2017-07-04,0.0
2017-07-05,1.344441
2017-07-06,0.0
2017-07-07,0.75112003
2017-07-08,1.2346278
2017-07-09,0.0
2017-07-10,0.0
2017-07-11,0.0
2017-07-12,0.23089908
2017-07-13,0.50231016
2017-07-14,29.44374
2017-07-15,27.49448
2017-07-16,8.716515
2017-07-17,7.646587
2017-07-18,21.233683
2017-07-19,2.8831317
2017-07-20,12.270251
2017-07-21,24.84158
2017-07-22,19.699799
2017-07-23,9.867124
2017-07-24,8.15085
2017-07-25,6.0878186
2017-07-26,0.87131435
2017-07-27,4.644946
2017-07-28,8.8768635
2017-07-29,2.41831
2017-07-30,2.4886727
2017-07-31,0.64476717
2017-08-01,1.0904406
2017-08-02,0.24484935
2017-08-03,1.3999627
2017-08-04,2.3609684
2017-08-05,0.0
2017-08-06,0.2849141
2017-08-07,0.0
2017-08-08,0.0
2017-08-09,0.48500827
2017-08-10,1.1739941
2017-08-11,0.60185707
2017-08-12,0.7746128
2017-08-13,0.0
2017-08-14,0.0
2017-08-15,0.15618372
2017-08-16,0.0
2017-08-17,0.0
2017-08-18,0.0
2017-08-19,2.1168234
2017-08-20,28.06388
2017-08-21,60.358795
2017-08-22,1.7260567
2017-08-23,0.2849141
2017-08-24,0.5698283
2017-08-25,1.1013218
2017-08-26,5.969355
2017-08-27,9.242318
2017-08-28,21.5153
2017-08-29,18.543892
2017-08-30,4.114434
2017-08-31,5.645054
2017-09-01,0.0
2017-09-02,0.8460914
2017-09-03,0.0
2017-09-04,0.0
2017-09-05,0.0
2017-09-06,0.0
2017-09-07,0.0
2017-09-08,23.706255
2017-09-09,2.3290288
2017-09-10,0.1359277
2017-09-11,13.806489
2017-09-12,1.7094847
2017-09-13,0.7974011
2017-09-14,4.2800646
2017-09-15,2.0613966
2017-09-16,8.51651
2017-09-17,0.49315614
2017-09-18,0.0
2017-09-19,7.3563933
2017-09-20,37.155823
2017-09-21,18.855326
2017-09-22,7.1782594
2017-09-23,0.0
2017-09-24,0.0
2017-09-25,0.0
2017-09-26,0.0
2017-09-27,8.594909
2017-09-28,0.7946452
2017-09-29,6.419629
2017-09-30,11.704025
2017-10-01,0.0
2017-10-02,0.0
2017-10-03,0.0
2017-10-04,0.0
2017-10-05,0.0
2017-10-06,0.0
2017-10-07,3.220703
2017-10-08,7.6671376
2017-10-09,9.601465
2017-10-10,0.0
2017-10-11,4.9215493
2017-10-12,8.647825
2017-10-13,3.500953
2017-10-14,94.67606
2017-10-15,19.342672
2017-10-16,2.0893703
2017-10-17,0.0
2017-10-18,0.0
2017-10-19,0.0
2017-10-20,0.0
2017-10-21,0.0
2017-10-22,0.0
2017-10-23,9.117252
2017-10-24,0.0
2017-10-25,0.0
2017-10-26,0.0
2017-10-27,0.0
2017-10-28,0.6732209
2017-10-29,0.0
2017-10-30,0.0
2017-10-31,0.0
2017-11-01,0.0
2017-11-02,0.0
2017-11-03,0.0
2017-11-04,0.0
2017-11-05,0.0
2017-11-06,0.0
2017-11-07,0.0
2017-11-08,0.0
2017-11-09,0.0
2017-11-10,0.0
2017-11-11,0.0
2017-11-12,0.0
2017-11-13,0.0
2017-11-14,0.0
2017-11-15,0.0
2017-11-16,0.0
2017-11-17,0.0
2017-11-18,0.0
2017-11-19,0.0
2017-11-20,0.0
2017-11-21,7.064868
2017-11-22,0.8483348
2017-11-23,4.436195
2017-11-24,0.28560254
2017-11-25,0.0
2017-11-26,0.0
2017-11-27,0.0
2017-11-28,0.0
2017-11-29,0.0
2017-11-30,0.0
2017-12-01,0.0
2017-12-02,0.0
2017-12-03,0.0
2017-12-04,0.0
2017-12-05,2.6923423
2017-12-06,0.0
2017-12-07,0.0
2017-12-08,0.0
2017-12-09,0.0
2017-12-10,0.0
2017-12-11,0.0
2017-12-12,0.0
2017-12-13,0.0
2017-12-14,0.0
2017-12-15,0.0
2017-12-16,0.0
2017-12-17,0.0
2017-12-18,0.0
2017-12-19,0.0
2017-12-20,0.0
2017-12-21,0.0
2017-12-22,0.0
2017-12-23,0.0
2017-12-24,0.0
2017-12-25,0.0
2017-12-26,0.0
2017-12-27,0.0
2017-12-28,0.0
2017-12-29,0.0
2017-12-30,0.0
2017-12-31,0.0
2018-01-01,0.0
2018-01-02,0.0
2018-01-03,0.0
2018-01-04,0.0
2018-01-05,0.0
2018-01-06,0.0
2018-01-07,0.0
2018-01-08,0.0
2018-01-09,0.0
2018-01-10,0.0
2018-01-11,0.0
2018-01-12,0.0
2018-01-13,0.0
2018-01-14,0.0
2018-01-15,0.0
2018-01-16,0.0
2018-01-17,0.0
2018-01-18,0.0
2018-01-19,0.0
2018-01-20,0.0
2018-01-21,0.0
2018-01-22,0.0
2018-01-23,0.0
2018-01-24,0.0
2018-01-25,0.0
2018-01-26,0.0
2018-01-27,0.0
2018-01-28,0.0
2018-01-29,0.0
2018-01-30,0.0
2018-01-31,0.0
2018-02-01,0.0
2018-02-02,0.0
2018-02-03,0.0
2018-02-04,0.0
2018-02-05,0.0
2018-02-06,0.0
2018-02-07,0.0
2018-02-08,0.0
2018-02-09,0.0
2018-02-10,0.0
2018-02-11,0.0
2018-02-12,0.0
2018-02-13,0.0
2018-02-14,0.0
2018-02-15,0.0
2018-02-16,0.0
2018-02-17,0.0
2018-02-18,0.0
2018-02-19,0.0
2018-02-20,0.0
2018-02-21,0.0
2018-02-22,0.0
2018-02-23,0.0
2018-02-24,0.0
2018-02-25,0.0
2018-02-26,0.0
2018-02-27,0.0
2018-02-28,0.0
2018-03-01,0.0
2018-03-02,0.0
2018-03-03,0.0
2018-03-04,0.0
2018-03-05,0.0
2018-03-06,0.0
2018-03-07,0.0
2018-03-08,0.0
2018-03-09,0.0
2018-03-10,0.0
2018-03-11,0.0
2018-03-12,0.0
2018-03-13,0.0
2018-03-14,0.0
2018-03-15,0.0
2018-03-16,0.0
2018-03-17,0.0
2018-03-18,0.0
2018-03-19,0.18651432
2018-03-20,0.0
2018-03-21,0.0
2018-03-22,0.0
2018-03-23,0.0
2018-03-24,0.0
2018-03-25,0.0
2018-03-26,0.0
2018-03-27,0.0
2018-03-28,0.0
2018-03-29,0.0
2018-03-30,0.0
2018-03-31,0.0
2018-04-01,0.0
2018-04-02,0.0
2018-04-03,0.0
2018-04-04,0.0
2018-04-05,0.0
2018-04-06,0.0
2018-04-07,0.0
2018-04-08,0.0
2018-04-09,0.0
2018-04-10,0.0
2018-04-11,0.0
2018-04-12,0.0
2018-04-13,0.0
2018-04-14,0.0
2018-04-15,0.0
2018-04-16,0.0
2018-04-17,0.0
2018-04-18,0.64476717
2018-04-19,0.0
2018-04-20,0.0
2018-04-21,0.0
2018-04-22,0.0
2018-04-23,0.0
2018-04-24,0.0
2018-04-25,0.0
2018-04-26,0.0
2018-04-27,0.0
2018-04-28,0.0
2018-04-29,0.0
2018-04-30,0.0
2018-05-01,0.0
2018-05-02,0.0
2018-05-03,0.0
2018-05-04,0.0
2018-05-05,0.0
2018-05-06,0.0
2018-05-07,0.0
2018-05-08,0.0
2018-05-09,0.0
2018-05-10,0.0
2018-05-11,0.0
2018-05-12,0.0
2018-05-13,0.0
2018-05-14,0.0
2018-05-15,0.0
2018-05-16,0.0
2018-05-17,0.0
2018-05-18,0.10993353
2018-05-19,0.0
2018-05-20,0.0
2018-05-21,0.0
2018-05-22,0.0
2018-05-23,0.19957395
2018-05-24,0.0
2018-05-25,0.0
2018-05-26,0.0
2018-05-27,0.0
2018-05-28,0.0
2018-05-29,0.0
2018-05-30,0.0
2018-05-31,0.0
2018-06-01,0.0
2018-06-02,24.42496
2018-06-03,6.7726507
2018-06-04,0.0
2018-06-05,0.0
2018-06-06,0.0
2018-06-07,32.20432
2018-06-08,0.0
2018-06-09,8.414348
2018-06-10,0.0
2018-06-11,1.0446851
2018-06-12,0.23742843
2018-06-13,0.0
2018-06-14,0.0
2018-06-15,0.0
2018-06-16,0.0
2018-06-17,0.8179029
2018-06-18,7.7379704
2018-06-19,0.0
2018-06-20,0.0
2018-06-21,0.29174608
2018-06-22,63.39781
2018-06-23,0.24416097
2018-06-24,0.54956645
2018-06-25,1.0168889
2018-06-26,6.52585
2018-06-27,5.025943
2018-06-28,0.19909385
2018-06-29,1.9661963
2018-06-30,0.23876224
2018-07-01,0.0
2018-07-02,0.0
2018-07-03,2.5445929
2018-07-04,2.4585261
2018-07-05,33.512875
2018-07-06,7.3459973
2018-07-07,1.512072
2018-07-08,11.415717
2018-07-09,0.2869111
2018-07-10,4.938925
2018-07-11,6.709919
2018-07-12,3.409069
2018-07-13,5.6404157
2018-07-14,1.7969043
2018-07-15,9.7884445
2018-07-16,27.02543
2018-07-17,51.336483
2018-07-18,6.6484065
2018-07-19,2.909649
2018-07-20,2.7524395
2018-07-21,8.306991
2018-07-22,1.5652975
2018-07-23,6.227386
2018-07-24,0.7334328
2018-07-25,1.6019018
2018-07-26,0.6693752
2018-07-27,0.7242818
2018-07-28,0.15844473
2018-07-29,0.0
2018-07-30,0.0
2018-07-31,0.17949952
2018-08-01,0.35070202
2018-08-02,0.9113791
2018-08-03,3.0246975
2018-08-04,0.18994275
2018-08-05,4.6118026
2018-08-06,0.23742844
2018-08-07,0.7305428
2018-08-08,0.0
2018-08-09,2.2684314
2018-08-10,0.28491414
2018-08-11,0.81574804
2018-08-12,4.3382697
2018-08-13,5.564138
2018-08-14,5.990983
2018-08-15,1.2224606
2018-08-16,0.35181716
2018-08-17,9.017598
2018-08-18,2.7609754
2018-08-19,2.9107196
2018-08-20,6.040244
2018-08-21,7.9221907
2018-08-22,10.773062
2018-08-23,5.755285
2018-08-24,0.5835101
2018-08-25,2.770697
2018-08-26,9.654188
2018-08-27,6.3908563
2018-08-28,2.2638113
2018-08-29,0.5004458
2018-08-30,0.0
2018-08-31,0.0
2018-09-01,0.5955514
2018-09-02,3.1694298
2018-09-03,8.023717
2018-09-04,0.0
2018-09-05,0.6047024
2018-09-06,0.19909385
2018-09-07,0.0
2018-09-08,0.56921315
2018-09-09,0.0
2018-09-10,0.0
2018-09-11,0.0
2018-09-12,0.0
2018-09-13,0.0
2018-09-14,0.0
2018-09-15,0.0
2018-09-16,0.0
2018-09-17,0.0
2018-09-18,0.0
2018-09-19,2.493025
2018-09-20,1.5235025
2018-09-21,7.301914
2018-09-22,0.0
2018-09-23,0.0
2018-09-24,0.0
2018-09-25,0.0
2018-09-26,0.0
2018-09-27,5.7932544
2018-09-28,7.312796
2018-09-29,1.5494573
2018-09-30,0.0
2018-10-01,3.4398425
2018-10-02,10.089049
2018-10-03,4.8278384
2018-10-04,1.7323177
2018-10-05,0.21294878
2018-10-06,0.0
2018-10-07,0.0
2018-10-08,0.0
2018-10-09,0.0
2018-10-10,0.0
2018-10-11,0.0
2018-10-12,0.0
2018-10-13,0.0
2018-10-14,0.0
2018-10-15,0.0
2018-10-16,0.0
2018-10-17,0.0
2018-10-18,0.97716695
2018-10-19,6.091601
2018-10-20,6.966054
2018-10-21,0.0
2018-10-22,0.0
2018-10-23,0.0
2018-10-24,0.0
2018-10-25,0.0
2018-10-26,0.0
2018-10-27,0.0
2018-10-28,0.0
2018-10-29,0.0
2018-10-30,0.0
2018-10-31,0.0
2018-11-01,0.0
2018-11-02,0.0
2018-11-03,0.0
2018-11-04,0.0
2018-11-05,2.204271
2018-11-06,0.0
2018-11-07,0.0
2018-11-08,0.0
2018-11-09,0.0
2018-11-10,0.0
2018-11-11,0.0
2018-11-12,0.0
2018-11-13,0.0
2018-11-14,0.0
2018-11-15,0.0
2018-11-16,0.0
2018-11-17,0.0
2018-11-18,0.0
2018-11-19,0.0
2018-11-20,0.49721423
2018-11-21,0.0
2018-11-22,0.0
2018-11-23,0.0
2018-11-24,0.0
2018-11-25,0.0
2018-11-26,0.0
2018-11-27,0.0
2018-11-28,0.0
2018-11-29,0.0
2018-11-30,0.0
2018-12-01,0.0
2018-12-02,0.0
2018-12-03,0.0
2018-12-04,0.0
2018-12-05,0.0
2018-12-06,0.0
2018-12-07,0.0
2018-12-08,0.0
2018-12-09,0.0
2018-12-10,0.0
2018-12-11,0.0
2018-12-12,0.0
2018-12-13,0.0
2018-12-14,0.0
2018-12-15,0.0
2018-12-16,0.0
2018-12-17,0.0
2018-12-18,0.0
2018-12-19,0.0
2018-12-20,0.0
2018-12-21,0.0
2018-12-22,0.0
2018-12-23,0.0
2018-12-24,0.0
2018-12-25,0.0
2018-12-26,0.0
2018-12-27,0.0
2018-12-28,0.0
2018-12-29,0.0
2018-12-30,0.0
2018-12-31,0.0
2019-01-01,0.0
2019-01-02,0.0
2019-01-03,0.0
2019-01-04,0.0
2019-01-05,0.0
2019-01-06,0.0
2019-01-07,0.0
2019-01-08,0.0
2019-01-09,0.0
2019-01-10,0.0
2019-01-11,0.0
2019-01-12,0.0
2019-01-13,0.0
2019-01-14,0.0
2019-01-15,0.0
2019-01-16,0.0
2019-01-17,0.0
2019-01-18,0.0
2019-01-19,0.0
2019-01-20,0.0
2019-01-21,0.0
2019-01-22,0.0
2019-01-23,0.0
2019-01-24,0.0
2019-01-25,0.0
2019-01-26,0.0
2019-01-27,0.0
2019-01-28,0.0
2019-01-29,0.0
2019-01-30,0.0
2019-01-31,0.0
2019-02-01,0.0
2019-02-02,0.0
2019-02-03,0.0
2019-02-04,0.0
2019-02-05,0.0
2019-02-06,0.0
2019-02-07,0.0
2019-02-08,0.0
2019-02-09,0.0
2019-02-10,0.0
2019-02-11,0.0
2019-02-12,0.0
2019-02-13,0.0
2019-02-14,0.0
2019-02-15,0.0
2019-02-16,0.0
2019-02-17,0.0
2019-02-18,0.0
2019-02-19,0.0
2019-02-20,0.0
2019-02-21,0.0
2019-02-22,0.0
2019-02-23,0.0
2019-02-24,0.0
2019-02-25,0.0
2019-02-26,0.0
2019-02-27,0.0
2019-02-28,0.0
2019-03-01,0.0
2019-03-02,0.0
2019-03-03,0.0
2019-03-04,0.0
2019-03-05,0.0
2019-03-06,0.0
2019-03-07,0.0
2019-03-08,0.0
2019-03-09,0.0
2019-03-10,0.0
2019-03-11,0.0
2019-03-12,0.0
2019-03-13,0.0
2019-03-14,0.0
2019-03-15,0.0
2019-03-16,0.0
2019-03-17,0.0
2019-03-18,0.0
2019-03-19,0.0
2019-03-20,0.0
2019-03-21,0.0
2019-03-22,0.0
2019-03-23,0.0
2019-03-24,0.0
2019-03-25,0.0
2019-03-26,0.0
2019-03-27,0.0
2019-03-28,0.0
2019-03-29,0.0
2019-03-30,0.0
2019-03-31,0.0
2019-04-01,0.0
2019-04-02,0.0
2019-04-03,0.0
2019-04-04,0.0
2019-04-05,0.0
2019-04-06,0.0
2019-04-07,0.0
2019-04-08,0.0
2019-04-09,0.0
2019-04-10,0.0
2019-04-11,0.0
2019-04-12,0.0
2019-04-13,0.0
2019-04-14,0.27191523
2019-04-15,1.1044043
2019-04-16,0.17551547
2019-04-17,0.44340754
2019-04-18,0.0
2019-04-19,0.0
2019-04-20,0.0
2019-04-21,0.0
2019-04-22,0.0
2019-04-23,0.0
2019-04-24,0.0
2019-04-25,0.0
2019-04-26,0.0
2019-04-27,0.0
2019-04-28,0.0
2019-04-29,0.0
2019-04-30,0.0
2019-05-01,0.0
2019-05-02,0.0
2019-05-03,0.0
2019-05-04,0.0
2019-05-05,0.0
2019-05-06,0.0
2019-05-07,0.0
2019-05-08,0.0
2019-05-09,0.0
2019-05-10,0.0
2019-05-11,0.0
2019-05-12,0.0
2019-05-13,0.0
2019-05-14,0.0
2019-05-15,0.0
2019-05-16,0.0
2019-05-17,0.0
2019-05-18,0.0
2019-05-19,0.0
2019-05-20,0.0
2019-05-21,0.0
2019-05-22,0.0
2019-05-23,0.0
2019-05-24,0.0
2019-05-25,0.0
2019-05-26,0.0
2019-05-27,0.0
2019-05-28,0.0
2019-05-29,0.0
2019-05-30,0.0
2019-05-31,0.0
2019-06-01,0.0
2019-06-02,0.0
2019-06-03,0.0
2019-06-04,0.0
2019-06-05,0.0
2019-06-06,0.0
2019-06-07,0.0
2019-06-08,1.9808798
2019-06-09,0.0
2019-06-10,31.191889
2019-06-11,0.9426214
2019-06-12,0.0
2019-06-13,4.6987376
2019-06-14,1.8118769
2019-06-15,1.5744902
2019-06-16,0.0
2019-06-17,0.0
2019-06-18,0.0
2019-06-19,0.3798855
2019-06-20,0.2831839
2019-06-21,0.0
2019-06-22,0.0
2019-06-23,0.0
2019-06-24,1.5090349
2019-06-25,6.609712
2019-06-26,23.267986
2019-06-27,1.9943988
2019-06-28,61.756184
2019-06-29,64.07926
2019-06-30,5.1948447
2019-07-01,5.3860188
2019-07-02,25.778025
2019-07-03,1.6269618
2019-07-04,0.69893724
2019-07-05,0.8160758
2019-07-06,8.799486
2019-07-07,48.609795
2019-07-08,8.907964
2019-07-09,30.88533
2019-07-10,7.155546
2019-07-11,32.690685
2019-07-12,4.062184
2019-07-13,1.1149616
2019-07-14,0.0
2019-07-15,3.3215544
2019-07-16,0.20282124
2019-07-17,0.26921836
2019-07-18,0.0
2019-07-19,0.0
2019-07-20,29.127798
2019-07-21,4.613904
2019-07-22,0.3079832
2019-07-23,0.32429242
2019-07-24,0.0
2019-07-25,2.8356383
2019-07-26,7.7343564
2019-07-27,78.68441
2019-07-28,32.77371
2019-07-29,4.487803
2019-07-30,40.39291
2019-07-31,15.644946
2019-08-01,5.8145885
2019-08-02,20.208899
2019-08-03,23.364119
2019-08-04,47.697075
2019-08-05,45.259514
2019-08-06,25.40305
2019-08-07,7.4612646
2019-08-08,6.369664
2019-08-09,3.2564797
2019-08-10,7.3606024
2019-08-11,12.358373
2019-08-12,1.6520988
2019-08-13,1.680712
2019-08-14,0.4548245
2019-08-15,0.16075926
2019-08-16,0.99075943
2019-08-17,3.037354
2019-08-18,0.14698787
2019-08-19,0.0
2019-08-20,0.0
2019-08-21,0.0
2019-08-22,0.7214364
2019-08-23,4.604381
2019-08-24,3.6912718
2019-08-25,0.0
2019-08-26,0.0
2019-08-27,0.0
2019-08-28,1.7151755
2019-08-29,0.0
2019-08-30,0.0
2019-08-31,1.5662534
2019-09-01,0.14072686
2019-09-02,2.6746294
2019-09-03,0.54789436
2019-09-04,15.014185
2019-09-05,3.069627
2019-09-06,0.99852514
2019-09-07,4.89251
2019-09-08,3.18158
2019-09-09,3.9480107
2019-09-10,3.1980085
2019-09-11,1.5144427
2019-09-12,0.31995448
2019-09-13,2.3339763
2019-09-14,14.508889
2019-09-15,0.38353163
2019-09-16,0.26488176
2019-09-17,0.80725664
2019-09-18,4.878414
2019-09-19,35.609074
2019-09-20,4.791576
2019-09-21,1.0063505
2019-09-22,0.0
2019-09-23,0.0
2019-09-24,37.64256
2019-09-25,78.09248
2019-09-26,57.683678
2019-09-27,0.33520043
2019-09-28,0.0
2019-09-29,0.0
2019-09-30,0.0
2019-10-01,0.0
2019-10-02,0.0
2019-10-03,0.0
2019-10-04,0.0
2019-10-05,46.4126
2019-10-06,2.5847037
2019-10-07,6.742967
2019-10-08,0.0
2019-10-09,31.839407
2019-10-10,31.090511
2019-10-11,29.739563
2019-10-12,0.3798855
2019-10-13,0.0
2019-10-14,1.519542
2019-10-15,0.0
2019-10-16,0.0
2019-10-17,0.0
2019-10-18,0.0
2019-10-19,1.2580847
2019-10-20,39.82069
2019-10-21,17.597906
2019-10-22,43.481365
2019-10-23,7.9280744
2019-10-24,4.137196
2019-10-25,4.7524395
2019-10-26,1.230899
2019-10-27,1.3953869
2019-10-28,0.0
2019-10-29,2.6364987
2019-10-30,0.0
2019-10-31,8.248405
2019-11-01,0.32116073
2019-11-02,5.4614067
2019-11-03,0.0
2019-11-04,49.067863
2019-11-05,30.565208
2019-11-06,0.0
2019-11-07,4.59061
2019-11-08,0.0
2019-11-09,0.0
2019-11-10,0.0
2019-11-11,0.0
2019-11-12,0.0
2019-11-13,0.0
2019-11-14,0.0
2019-11-15,0.0
2019-11-16,0.0
2019-11-17,0.0
2019-11-18,0.0
2019-11-19,0.0
2019-11-20,0.0
2019-11-21,0.0
2019-11-22,0.0
2019-11-23,0.0
2019-11-24,0.0
2019-11-25,0.0
2019-11-26,0.0
2019-11-27,0.0
2019-11-28,0.0
2019-11-29,0.0
2019-11-30,0.0
2019-12-01,0.0
2019-12-02,0.0
2019-12-03,0.0
2019-12-04,0.0
2019-12-05,0.0
2019-12-06,0.0
2019-12-07,0.0
2019-12-08,0.0
2019-12-09,0.0
2019-12-10,0.0
2019-12-11,0.0
2019-12-12,0.0
2019-12-13,0.0
2019-12-14,0.0
2019-12-15,0.0
2019-12-16,0.0
2019-12-17,0.0
2019-12-18,0.0
2019-12-19,0.0
2019-12-20,0.0
2019-12-21,0.0
2019-12-22,0.0
2019-12-23,0.0
2019-12-24,0.0
2019-12-25,0.0
2019-12-26,0.9326398
2019-12-27,0.0
2019-12-28,0.0
2019-12-29,0.0
2019-12-30,0.0
2019-12-31,0.0
2020-01-01,0.0
2020-01-02,0.0
2020-01-03,0.0
2020-01-04,0.0
2020-01-05,0.0
2020-01-06,0.0
2020-01-07,0.0
2020-01-08,0.0
2020-01-09,0.0
2020-01-10,0.0
2020-01-11,0.0
2020-01-12,0.0
2020-01-13,0.0
2020-01-14,0.0
2020-01-15,0.0
2020-01-16,0.0
2020-01-17,0.0
2020-01-18,0.0
2020-01-19,0.0
2020-01-20,0.0
2020-01-21,0.0
2020-01-22,0.0
2020-01-23,0.0
2020-01-24,0.0
2020-01-25,0.0
2020-01-26,0.0
2020-01-27,0.0
2020-01-28,0.0
2020-01-29,0.0
2020-01-30,0.0
2020-01-31,0.0
2020-02-01,0.0
2020-02-02,0.0
2020-02-03,0.0
2020-02-04,0.0
2020-02-05,0.0
2020-02-06,0.0
2020-02-07,0.0
2020-02-08,0.0
2020-02-09,0.0
2020-02-10,0.0
2020-02-11,0.0
2020-02-12,0.0
2020-02-13,0.0
2020-02-14,0.0
2020-02-15,0.0
2020-02-16,0.0
2020-02-17,0.0
2020-02-18,0.0
2020-02-19,0.0
2020-02-20,0.0
2020-02-21,0.0
2020-02-22,0.0
2020-02-23,0.0
2020-02-24,0.0
2020-02-25,0.0
2020-02-26,0.0
2020-02-27,0.0
2020-02-28,0.0
2020-02-29,0.0
2020-03-01,0.0
2020-03-02,0.0
2020-03-03,0.0
2020-03-04,0.0
2020-03-05,0.0
2020-03-06,0.0
2020-03-07,0.0
2020-03-08,0.0
2020-03-09,0.0
2020-03-10,0.0
2020-03-11,0.0
2020-03-12,0.0
2020-03-13,0.0
2020-03-14,0.0
2020-03-15,0.0
2020-03-16,0.0
2020-03-17,0.0
2020-03-18,0.0
2020-03-19,0.0
2020-03-20,0.0
2020-03-21,0.0
2020-03-22,0.0
2020-03-23,0.0
2020-03-24,0.0
2020-03-25,1.4721416
2020-03-26,0.8732934
2020-03-27,0.0
2020-03-28,0.21552005
2020-03-29,4.5621805
2020-03-30,2.0518196
2020-03-31,0.0
2020-04-01,0.0
2020-04-02,0.0
2020-04-03,0.0
2020-04-04,0.0
2020-04-05,0.0
2020-04-06,0.0
2020-04-07,0.0
2020-04-08,0.0
2020-04-09,0.0
2020-04-10,0.0
2020-04-11,0.0
2020-04-12,0.20198926
2020-04-13,0.0
2020-04-14,0.0
2020-04-15,0.0
2020-04-16,0.0
2020-04-17,0.0
2020-04-18,0.0
2020-04-19,0.0
2020-04-20,0.0
2020-04-21,0.0
2020-04-22,0.0
2020-04-23,0.0
2020-04-24,0.0
2020-04-25,0.0
2020-04-26,0.0
2020-04-27,0.0
2020-04-28,0.0
2020-04-29,0.0
2020-04-30,0.0
2020-05-01,0.14280127
2020-05-02,2.0642443
2020-05-03,0.0
2020-05-04,0.0
2020-05-05,0.0
2020-05-06,0.0
2020-05-07,0.0
2020-05-08,0.0
2020-05-09,0.0
2020-05-10,0.0
2020-05-11,0.0
2020-05-12,0.0
2020-05-13,0.0
2020-05-14,0.0
2020-05-15,16.27853
2020-05-16,0.0
2020-05-17,1.2762865
2020-05-18,3.4364681
2020-05-19,0.0
2020-05-20,0.0
2020-05-21,0.0
2020-05-22,0.0
2020-05-23,0.0
2020-05-24,0.0
2020-05-25,0.0
2020-05-26,0.0
2020-05-27,0.0
2020-05-28,0.0
2020-05-29,0.0
2020-05-30,0.0
2020-05-31,0.0
2020-06-01,8.352459
2020-06-02,3.7680836
2020-06-03,47.635765
2020-06-04,42.778187
2020-06-05,8.28906
2020-06-06,0.0
2020-06-07,6.571727
2020-06-08,0.3798855
2020-06-09,0.0
2020-06-10,0.23742843
2020-06-11,0.66479963
2020-06-12,0.0
2020-06-13,0.18400207
2020-06-14,0.38210505
2020-06-15,2.3227694
2020-06-16,8.450775
2020-06-17,0.68861365
2020-06-18,14.255847
2020-06-19,12.997988
2020-06-20,0.0
2020-06-21,0.0
2020-06-22,0.5698282
2020-06-23,0.0
2020-06-24,0.0
2020-06-25,3.8169782
2020-06-26,1.3196037
2020-06-27,0.0
2020-06-28,0.0
2020-06-29,6.6005096
2020-06-30,28.714039
2020-07-01,0.18994275
2020-07-02,4.7239604
2020-07-03,0.0
2020-07-04,0.1572989
2020-07-05,6.6901116
2020-07-06,1.588041
2020-07-07,4.5828953
2020-07-08,15.345895
2020-07-09,2.768743
2020-07-10,1.2126933
2020-07-11,1.2045802
2020-07-12,0.0
2020-07-13,0.24519925
2020-07-14,2.3293412
2020-07-15,0.0
2020-07-16,0.3698063
2020-07-17,0.84843665
2020-07-18,0.68137157
2020-07-19,8.280811
2020-07-20,0.0
2020-07-21,0.0
2020-07-22,0.0
2020-07-23,2.2360582
2020-07-24,7.7277136
2020-07-25,26.721882
2020-07-26,30.213045
2020-07-27,0.0
2020-07-28,0.0
2020-07-29,0.0
2020-07-30,0.0
2020-07-31,0.8077478
2020-08-01,8.638115
2020-08-02,0.0
2020-08-03,0.0
2020-08-04,13.171297
2020-08-05,59.766544
2020-08-06,12.440646
2020-08-07,8.143831
2020-08-08,1.8819693
2020-08-09,2.9415576
2020-08-10,1.2683079
2020-08-11,27.592152
2020-08-12,0.96306443
2020-08-13,7.8701196
2020-08-14,20.482939
2020-08-15,22.172531
2020-08-16,18.837574
2020-08-17,8.268579
2020-08-18,2.3270879
2020-08-19,2.8615417
2020-08-20,1.6113307
2020-08-21,15.070356
2020-08-22,3.5903609
2020-08-23,0.9899849
2020-08-24,1.0767139
2020-08-25,2.9641488
2020-08-26,0.0
2020-08-27,0.8077478
2020-08-28,0.48400795
2020-08-29,5.142303
2020-08-30,8.111891
2020-08-31,2.8770218
2020-09-01,0.33239982
2020-09-02,0.0
2020-09-03,0.0
2020-09-04,0.0
2020-09-05,0.0
2020-09-06,25.64227
2020-09-07,21.947977
2020-09-08,0.3746949
2020-09-09,2.9076545
2020-09-10,35.16806
2020-09-11,7.523662
2020-09-12,37.684765
2020-09-13,5.2516985
2020-09-14,0.60012686
2020-09-15,0.0
2020-09-16,0.0
2020-09-17,0.8447526
2020-09-18,0.66479963
2020-09-19,0.18994275
2020-09-20,11.94127
2020-09-21,20.589642
2020-09-22,28.575964
2020-09-23,0.0
2020-09-24,0.30005732
2020-09-25,2.1368558
2020-09-26,9.80296
2020-09-27,0.0
2020-09-28,0.0
2020-09-29,0.0
2020-09-30,0.0
2020-10-01,0.0
2020-10-02,0.0
2020-10-03,0.0
2020-10-04,5.113383
2020-10-05,0.0
2020-10-06,1.1270449
2020-10-07,0.0
2020-10-08,0.0
2020-10-09,0.47485685
2020-10-10,0.0
2020-10-11,24.270779
2020-10-12,2.5411787
2020-10-13,16.468258
2020-10-14,5.933625
2020-10-15,116.42317
2020-10-16,7.2578526
2020-10-17,3.1567094
2020-10-18,6.51296
2020-10-19,36.03776
2020-10-20,8.151857
2020-10-21,36.18864
2020-10-22,6.8280573
2020-10-23,2.078259
2020-10-24,0.0
2020-10-25,29.23315
2020-10-26,9.786582
2020-10-27,0.0
2020-10-28,0.0
2020-10-29,0.0
2020-10-30,0.0
2020-10-31,0.0
2020-11-01,0.0
2020-11-02,0.0
2020-11-03,0.0
2020-11-04,0.0
2020-11-05,0.0
2020-11-06,0.0
2020-11-07,0.0
2020-11-08,0.0
2020-11-09,0.0
2020-11-10,0.0
2020-11-11,0.0
2020-11-12,0.0
2020-11-13,0.0
2020-11-14,0.0
2020-11-15,0.0
2020-11-16,0.0
2020-11-17,0.0
2020-11-18,0.0
2020-11-19,0.0
2020-11-20,0.0
2020-11-21,5.2663407
2020-11-22,0.0
2020-11-23,0.0
2020-11-24,0.0
2020-11-25,0.0
2020-11-26,0.0
2020-11-27,0.0
2020-11-28,0.0
2020-11-29,0.0
2020-11-30,0.0
2020-12-01,0.0
2020-12-02,0.0
2020-12-03,0.0
2020-12-04,0.0
2020-12-05,0.0
2020-12-06,0.0
2020-12-07,0.0
2020-12-08,0.0
2020-12-09,0.0
2020-12-10,0.0
2020-12-11,0.0
2020-12-12,0.0
2020-12-13,0.0
2020-12-14,0.0
2020-12-15,3.9535124
2020-12-16,0.0
2020-12-17,0.0
2020-12-18,0.0
2020-12-19,0.0
2020-12-20,0.0
2020-12-21,0.0
2020-12-22,0.0
2020-12-23,0.0
2020-12-24,0.0
2020-12-25,0.0
2020-12-26,0.0
2020-12-27,0.0
2020-12-28,0.0
2020-12-29,0.0
2020-12-30,0.0
2020-12-31,0.0
2021-01-01,0.0
2021-01-02,0.0
2021-01-03,0.0
2021-01-04,0.0
2021-01-05,0.0
2021-01-06,0.0
2021-01-07,0.0
2021-01-08,4.1968637
2021-01-09,28.689817
2021-01-10,0.0
2021-01-11,0.0
2021-01-12,0.0
2021-01-13,0.0
2021-01-14,0.0
2021-01-15,0.0
2021-01-16,0.0
2021-01-17,0.0
2021-01-18,0.0
2021-01-19,0.0
2021-01-20,0.0
2021-01-21,0.0
2021-01-22,0.0
2021-01-23,0.0
2021-01-24,0.0
2021-01-25,0.0
2021-01-26,0.0
2021-01-27,0.0
2021-01-28,0.0
2021-01-29,0.0
2021-01-30,0.0
2021-01-31,0.0
2021-02-01,0.0
2021-02-02,0.0
2021-02-03,0.0
2021-02-04,0.0
2021-02-05,0.0
2021-02-06,0.0
2021-02-07,0.0
2021-02-08,0.0
2021-02-09,0.0
2021-02-10,0.0
2021-02-11,0.0
2021-02-12,0.0
2021-02-13,0.0
2021-02-14,0.0
2021-02-15,0.0
2021-02-16,0.0
2021-02-17,0.0
2021-02-18,0.0
2021-02-19,0.30756825
2021-02-20,0.0
2021-02-21,0.0
2021-02-22,0.0
2021-02-23,0.0
2021-02-24,0.0
2021-02-25,0.0
2021-02-26,0.0
2021-02-27,0.0
2021-02-28,0.0
2021-03-01,0.0
2021-03-02,0.0
2021-03-03,0.0
2021-03-04,0.0
2021-03-05,0.0
2021-03-06,0.0
2021-03-07,0.0
2021-03-08,0.0
2021-03-09,0.0
2021-03-10,0.0
2021-03-11,0.0
2021-03-12,0.0
2021-03-13,0.0
2021-03-14,0.0
2021-03-15,0.0
2021-03-16,0.0
2021-03-17,0.0
2021-03-18,0.0
2021-03-19,0.0
2021-03-20,0.0
2021-03-21,0.0
2021-03-22,0.0
2021-03-23,2.1843414
2021-03-24,0.0
2021-03-25,0.0
2021-03-26,0.0
2021-03-27,0.0
2021-03-28,0.0
2021-03-29,0.0
2021-03-30,0.0
2021-03-31,0.0
2021-04-01,0.0
2021-04-02,0.0
2021-04-03,0.0
2021-04-04,0.0
2021-04-05,0.0
2021-04-06,0.0
2021-04-07,0.0
2021-04-08,0.0
2021-04-09,0.0
2021-04-10,0.0
2021-04-11,0.0
2021-04-12,0.0
2021-04-13,17.898096
2021-04-14,0.0
2021-04-15,7.8761053
2021-04-16,0.0
2021-04-17,0.0
2021-04-18,0.0
2021-04-19,0.0
2021-04-20,0.0
2021-04-21,0.0
2021-04-22,0.0
2021-04-23,0.0
2021-04-24,0.0
2021-04-25,0.0
2021-04-26,0.0
2021-04-27,0.0
2021-04-28,5.9837503
2021-04-29,0.0
2021-04-30,0.9218098
2021-05-01,0.4474928
2021-05-02,0.0
2021-05-03,24.612104
2021-05-04,0.98880535
2021-05-05,0.0
2021-05-06,0.0
2021-05-07,0.24229367
2021-05-08,0.0
2021-05-09,0.8982418
2021-05-10,0.0
2021-05-11,0.0
2021-05-12,0.0
2021-05-13,0.0
2021-05-14,0.0
2021-05-15,1.7899712
2021-05-16,4.7051597
2021-05-17,8.267065
2021-05-18,3.2595966
2021-05-19,0.0
2021-05-20,7.7044153
2021-05-21,0.0
2021-05-22,8.16889
2021-05-23,0.0
2021-05-24,1.3099225
2021-05-25,0.0
2021-05-26,0.0
2021-05-27,0.0
2021-05-28,0.0
2021-05-29,0.0
2021-05-30,26.535639
2021-05-31,0.0
2021-06-01,25.386902
2021-06-02,1.0133241
2021-06-03,2.2015972
2021-06-04,0.0
2021-06-05,6.973536
2021-06-06,19.26622
2021-06-07,0.47485685
2021-06-08,0.0
2021-06-09,0.0
2021-06-10,3.6712396
2021-06-11,1.0921707
2021-06-12,0.104122475
2021-06-13,0.8164077
2021-06-14,0.50973105
2021-06-15,0.0
2021-06-16,4.033715
2021-06-17,4.328529
2021-06-18,16.84106
2021-06-19,42.42311
2021-06-20,6.1633115
2021-06-21,1.6127832
2021-06-22,0.35070202
2021-06-23,0.10066209
2021-06-24,0.42737117
2021-06-25,0.0
2021-06-26,2.1133633
2021-06-27,0.0
2021-06-28,4.517722
2021-06-29,0.17864099
2021-06-30,0.0
2021-07-01,0.0
2021-07-02,0.17994049
2021-07-03,0.0
2021-07-04,0.0
2021-07-05,0.0
2021-07-06,4.731082
2021-07-07,34.72851
2021-07-08,0.0
2021-07-09,2.9956164
2021-07-10,0.22550285
2021-07-11,0.9351041
2021-07-12,0.13495538
2021-07-13,3.2119462
2021-07-14,1.6827952
2021-07-15,0.651195
2021-07-16,1.0979887
2021-07-17,1.8275006
2021-07-18,0.9580725
2021-07-19,10.047438
2021-07-20,14.818399
2021-07-21,4.5975738
2021-07-22,20.23009
2021-07-23,10.099859
2021-07-24,74.649284
2021-07-25,7.853084
2021-07-26,10.4564085
2021-07-27,6.2906375
2021-07-28,3.857432
2021-07-29,1.1818435
2021-07-30,5.648261
2021-07-31,3.1802201
2021-08-01,0.5435866
2021-08-02,1.3732659
2021-08-03,4.371061
2021-08-04,2.1016233
2021-08-05,3.1915934
2021-08-06,0.15635866
2021-08-07,0.0
2021-08-08,0.0
2021-08-09,0.0
2021-08-10,0.0
2021-08-11,0.40792367
2021-08-12,0.0
2021-08-13,2.6114461
2021-08-14,0.27048793
2021-08-15,5.330921
2021-08-16,0.7603635
2021-08-17,1.079643
2021-08-18,2.1032825
2021-08-19,0.6870073
2021-08-20,0.6062099
2021-08-21,4.8435373
2021-08-22,2.464562
2021-08-23,0.27354556
2021-08-24,0.0
2021-08-25,0.0
2021-08-26,0.0
2021-08-27,0.80154234
2021-08-28,0.32121396
2021-08-29,0.0
2021-08-30,0.0
2021-08-31,2.1597905
2021-09-01,1.1152837
2021-09-02,0.0
2021-09-03,0.106412746
2021-09-04,0.0
2021-09-05,15.492409
2021-09-06,1.9632674
2021-09-07,18.14624
2021-09-08,1.7706907
2021-09-09,2.625408
2021-09-10,8.434797
2021-09-11,3.3599799
2021-09-12,9.990146
2021-09-13,4.7025704
2021-09-14,4.306472
2021-09-15,0.9413653
2021-09-16,0.26246956
2021-09-17,0.2550284
2021-09-18,0.17001893
2021-09-19,0.0
2021-09-20,0.0
2021-09-21,0.100901194
2021-09-22,1.0655211
2021-09-23,2.9653685
2021-09-24,0.6297917
2021-09-25,0.5398215
2021-09-26,0.0
2021-09-27,0.83725077
2021-09-28,0.43601948
2021-09-29,2.2555015
2021-09-30,2.8227203
2021-10-01,0.40634322
2021-10-02,16.354868
2021-10-03,0.0
2021-10-04,15.446964
2021-10-05,25.361856
2021-10-06,1.4106611
2021-10-07,14.207196
2021-10-08,0.0
2021-10-09,2.225169
2021-10-10,50.735294
2021-10-11,0.7842664
2021-10-12,1.2624536
2021-10-13,0.12023367
2021-10-14,0.0
2021-10-15,0.0
2021-10-16,0.0
2021-10-17,0.0
2021-10-18,0.0
2021-10-19,0.0
2021-10-20,0.0
2021-10-21,0.0
2021-10-22,0.0
2021-10-23,0.0
2021-10-24,0.0
2021-10-25,0.0
2021-10-26,0.0
2021-10-27,0.0
2021-10-28,0.0
2021-10-29,0.0
2021-10-30,0.0
2021-10-31,0.0
2021-11-01,0.0
2021-11-02,0.0
2021-11-03,0.0
2021-11-04,0.0
2021-11-05,4.923277
2021-11-06,0.0
2021-11-07,1.5052019
2021-11-08,0.0
2021-11-09,0.0
2021-11-10,0.0
2021-11-11,0.0
2021-11-12,0.0
2021-11-13,0.0
2021-11-14,0.0
2021-11-15,0.0
2021-11-16,0.17994049
2021-11-17,8.333818
2021-11-18,0.2550284
2021-11-19,0.0
2021-11-20,0.0
2021-11-21,2.7264678
2021-11-22,2.3817313
2021-11-23,0.0
2021-11-24,0.0
2021-11-25,0.0
2021-11-26,0.0
2021-11-27,0.0
2021-11-28,0.0
2021-11-29,0.0
2021-11-30,0.0
2021-12-01,0.73199236
2021-12-02,76.40961
2021-12-03,1.2850635
2021-12-04,0.49133182
2021-12-05,0.0
2021-12-06,0.0
2021-12-07,0.0
2021-12-08,0.0
2021-12-09,0.0
2021-12-10,0.0
2021-12-11,0.0
2021-12-12,0.0
2021-12-13,0.0
2021-12-14,0.0
2021-12-15,0.0
2021-12-16,0.0
2021-12-17,0.0
2021-12-18,0.0
2021-12-19,0.0
2021-12-20,0.0
2021-12-21,0.0
2021-12-22,0.0
2021-12-23,0.0
2021-12-24,0.0
2021-12-25,0.0
2021-12-26,0.0
2021-12-27,0.0
2021-12-28,0.0
2021-12-29,0.0
2021-12-30,0.0
2021-12-31,0.0
2022-01-01,0.0
2022-01-02,0.0
2022-01-03,0.0
2022-01-04,0.0
2022-01-05,0.0
2022-01-06,0.0
2022-01-07,0.0
2022-01-08,0.0
2022-01-09,0.17994049
2022-01-10,0.0
2022-01-11,0.0
2022-01-12,0.0
2022-01-13,0.0
2022-01-14,0.0
2022-01-15,0.0
2022-01-16,0.0
2022-01-17,0.0
2022-01-18,0.0
2022-01-19,0.0
2022-01-20,0.0
2022-01-21,0.0
2022-01-22,0.0
2022-01-23,0.0
2022-01-24,0.0
2022-01-25,0.0
2022-01-26,0.0
2022-01-27,0.0
2022-01-28,0.0
2022-01-29,0.0
2022-01-30,0.0
2022-01-31,0.0
2022-02-01,0.0
2022-02-02,0.0
2022-02-03,0.0
2022-02-04,0.0
2022-02-05,0.0
2022-02-06,0.0
2022-02-07,0.0
2022-02-08,0.0
2022-02-09,0.0
2022-02-10,0.0
2022-02-11,0.0
2022-02-12,0.0
2022-02-13,0.0
2022-02-14,0.0
2022-02-15,0.0
2022-02-16,0.0
2022-02-17,0.0
2022-02-18,0.0
2022-02-19,0.0
2022-02-20,0.0
2022-02-21,0.0
2022-02-22,0.0
2022-02-23,0.0
2022-02-24,0.0
2022-02-25,0.0
2022-02-26,0.0
2022-02-27,0.0
2022-02-28,0.0
2022-03-01,0.0
2022-03-02,0.0
2022-03-03,0.0
2022-03-04,0.0
2022-03-05,0.0
2022-03-06,0.0
2022-03-07,0.0
2022-03-08,0.0
2022-03-09,0.0
2022-03-10,0.0
2022-03-11,0.0
2022-03-12,1.8188334
2022-03-13,0.0
2022-03-14,0.0
2022-03-15,0.0
2022-03-16,0.0
2022-03-17,0.0
2022-03-18,0.0
2022-03-19,0.0
2022-03-20,0.0
2022-03-21,0.0
2022-03-22,0.0
2022-03-23,0.0
2022-03-24,0.0
2022-03-25,0.0
2022-03-26,0.0
2022-03-27,0.0
2022-03-28,0.0
2022-03-29,0.0
2022-03-30,0.0
2022-03-31,0.0
2022-04-01,0.0
2022-04-02,0.0
2022-04-03,0.0
2022-04-04,0.0
2022-04-05,0.0
2022-04-06,0.0
2022-04-07,0.0
2022-04-08,0.0
2022-04-09,0.0
2022-04-10,0.0
2022-04-11,0.0
2022-04-12,0.0
2022-04-13,0.0
2022-04-14,0.0
2022-04-15,0.0
2022-04-16,0.0
2022-04-17,0.0
2022-04-18,0.0
2022-04-19,0.0
2022-04-20,0.0
2022-04-21,0.0
2022-04-22,0.0
2022-04-23,0.0
2022-04-24,0.0
2022-04-25,0.0
2022-04-26,0.0
2022-04-27,0.0
2022-04-28,0.0
2022-04-29,0.0
2022-04-30,0.0
2022-05-01,0.0
2022-05-02,0.0
2022-05-03,0.0
2022-05-04,0.0
2022-05-05,0.0
2022-05-06,0.0
2022-05-07,0.0
2022-05-08,0.0
2022-05-09,0.0
2022-05-10,0.0
2022-05-11,0.0
2022-05-12,0.0
2022-05-13,0.0
2022-05-14,0.0
2022-05-15,0.0
2022-05-16,0.0
2022-05-17,0.0
2022-05-18,0.0
2022-05-19,0.0
2022-05-20,0.4079237
2022-05-21,0.0
2022-05-22,0.0
2022-05-23,0.0
2022-05-24,0.0
2022-05-25,0.0
2022-05-26,0.0
2022-05-27,0.0
2022-05-28,0.0
2022-05-29,0.0
2022-05-30,0.0
2022-05-31,0.0
2022-06-01,0.0
2022-06-02,0.0
2022-06-03,0.0
2022-06-04,0.0
2022-06-05,0.0
2022-06-06,0.0
2022-06-07,0.0
2022-06-08,0.0
2022-06-09,0.0
2022-06-10,0.31489587
2022-06-11,25.312544
2022-06-12,1.0429548
2022-06-13,0.0
2022-06-14,0.0
2022-06-15,0.0
2022-06-16,0.0
2022-06-17,0.0
2022-06-18,0.0
2022-06-19,0.0
2022-06-20,0.0
2022-06-21,1.6993898
2022-06-22,0.0
2022-06-23,1.3727151
2022-06-24,0.7622667
2022-06-25,0.28025156
2022-06-26,0.0
2022-06-27,0.0
2022-06-28,1.4179534
2022-06-29,0.29742923
2022-06-30,0.20433643
2022-07-01,8.863157
2022-07-02,5.581251
2022-07-03,3.5839007
2022-07-04,3.5084345
2022-07-05,10.389322
2022-07-06,20.015976
2022-07-07,14.954911
2022-07-08,14.920239
2022-07-09,10.81035
2022-07-10,19.03299
2022-07-11,20.592686
2022-07-12,61.187202
2022-07-13,49.105923
2022-07-14,53.27754
2022-07-15,18.26756
2022-07-16,9.933362
2022-07-17,4.2704754
2022-07-18,1.7047725
2022-07-19,3.7806094
2022-07-20,0.49339136
2022-07-21,0.38213477
2022-07-22,1.2760899
2022-07-23,0.21047944
2022-07-24,4.879547
2022-07-25,0.9119093
2022-07-26,3.9997816
2022-07-27,1.0439141
2022-07-28,41.190487
2022-07-29,2.8663383
2022-07-30,0.7020728
2022-07-31,0.15434411
2022-08-01,0.0
2022-08-02,0.0
2022-08-03,0.0
2022-08-04,4.3236146
2022-08-05,8.745397
2022-08-06,13.1392975
2022-08-07,1.246243
2022-08-08,30.596848
2022-08-09,12.8896475
2022-08-10,24.568329
2022-08-11,14.293109
2022-08-12,3.752655
2022-08-13,4.986352
2022-08-14,2.6980357
2022-08-15,2.0983963
2022-08-16,9.771191
2022-08-17,1.437745
2022-08-18,9.50326
2022-08-19,3.0693567
2022-08-20,0.6169636
2022-08-21,0.54786974
2022-08-22,0.45011628
2022-08-23,1.3605562
2022-08-24,1.7834072
2022-08-25,2.1372826
2022-08-26,0.0
2022-08-27,0.0
2022-08-28,0.0
2022-08-29,0.0
2022-08-30,0.0
2022-08-31,9.381432
2022-09-01,12.639305
2022-09-02,0.0
2022-09-03,0.0
2022-09-04,8.541005
2022-09-05,0.0
2022-09-06,0.0
2022-09-07,15.676468
2022-09-08,40.58751
2022-09-09,1.9902067
2022-09-10,0.0
2022-09-11,0.5029324
2022-09-12,32.11082
2022-09-13,6.0120306
2022-09-14,9.380907
2022-09-15,4.0104427
2022-09-16,13.487451
2022-09-17,28.072872
2022-09-18,1.7307981
2022-09-19,0.7705239
2022-09-20,4.3224177
2022-09-21,1.742973
2022-09-22,0.0
2022-09-23,0.0
2022-09-24,0.0
2022-09-25,0.46646008
2022-09-26,0.0
2022-09-27,0.30392277
2022-09-28,0.4876119
2022-09-29,0.5778576
2022-09-30,21.784046
2022-10-01,40.434307
2022-10-02,0.0
2022-10-03,0.0
2022-10-04,0.0
2022-10-05,7.070372
2022-10-06,3.982164
2022-10-07,3.3930137
2022-10-08,0.9473947
2022-10-09,3.819626
2022-10-10,0.0
2022-10-11,13.129599
2022-10-12,5.4770055
2022-10-13,0.28438142
2022-10-14,1.0505061
2022-10-15,65.18333
2022-10-16,0.0
2022-10-17,4.6795154
2022-10-18,92.63134
2022-10-19,6.073997
2022-10-20,11.283295
2022-10-21,17.124947
2022-10-22,1.6296535
2022-10-23,0.0
2022-10-24,0.0
2022-10-25,0.0
2022-10-26,0.0
2022-10-27,0.0
2022-10-28,0.0
2022-10-29,0.0
2022-10-30,0.0
2022-10-31,0.0
2022-11-01,0.0
2022-11-02,0.0
2022-11-03,0.0
2022-11-04,0.0
2022-11-05,0.0
2022-11-06,0.0
2022-11-07,0.0
2022-11-08,0.0
2022-11-09,0.0
2022-11-10,0.0
2022-11-11,0.0
2022-11-12,0.0
2022-11-13,0.0
2022-11-14,0.0
2022-11-15,0.0
2022-11-16,0.0
2022-11-17,0.0
2022-11-18,0.0
2022-11-19,0.0
2022-11-20,0.0
2022-11-21,0.0
2022-11-22,0.0
2022-11-23,0.0
2022-11-24,0.0
2022-11-25,0.0
2022-11-26,0.0
2022-11-27,0.0
2022-11-28,0.0
2022-11-29,0.0
2022-11-30,0.0
2022-12-01,0.0
2022-12-02,0.0
2022-12-03,0.0
2022-12-04,0.0
2022-12-05,0.0
2022-12-06,0.0
2022-12-07,0.0
2022-12-08,0.0
2022-12-09,0.0
2022-12-10,0.0
2022-12-11,0.0
2022-12-12,0.9752238
2022-12-13,0.0
2022-12-14,0.0
2022-12-15,0.0
2022-12-16,0.0
2022-12-17,0.0
2022-12-18,0.0
2022-12-19,0.0
2022-12-20,0.0
2022-12-21,0.0
2022-12-22,0.0
2022-12-23,0.0
2022-12-24,0.0
2022-12-25,0.0
2022-12-26,0.0
2022-12-27,0.0
2022-12-28,0.0
2022-12-29,0.0
2022-12-30,0.0
2022-12-31,0.0
2023-01-01,0.0
2023-01-02,0.0
2023-01-03,0.0
2023-01-04,0.0
2023-01-05,0.0
2023-01-06,0.0
2023-01-07,0.0
2023-01-08,0.0
2023-01-09,0.0
2023-01-10,0.0
2023-01-11,0.0
2023-01-12,0.0
2023-01-13,0.0
2023-01-14,0.0
2023-01-15,0.0
2023-01-16,0.0
2023-01-17,0.0
2023-01-18,0.0
2023-01-19,0.0
2023-01-20,0.0
2023-01-21,0.0
2023-01-22,0.0
2023-01-23,0.0
2023-01-24,0.0
2023-01-25,0.0
2023-01-26,0.0
2023-01-27,0.0
2023-01-28,0.0
2023-01-29,0.0
2023-01-30,0.0
2023-01-31,0.0
2023-02-01,0.0
2023-02-02,0.0
2023-02-03,0.0
2023-02-04,0.0
2023-02-05,0.0
2023-02-06,0.0
2023-02-07,0.0
2023-02-08,0.0
2023-02-09,0.0
2023-02-10,0.0
2023-02-11,0.0
2023-02-12,0.0
2023-02-13,0.0
2023-02-14,0.0
2023-02-15,0.0
2023-02-16,0.0
2023-02-17,0.0
2023-02-18,0.0
2023-02-19,0.0
2023-02-20,0.0
2023-02-21,0.0
2023-02-22,0.0
2023-02-23,0.0
2023-02-24,0.0
2023-02-25,0.0
2023-02-26,0.0
2023-02-27,0.0
2023-02-28,0.0
2023-03-01,0.0
2023-03-02,0.0
2023-03-03,0.0
2023-03-04,0.0
2023-03-05,0.0
2023-03-06,0.0
2023-03-07,3.6138573
2023-03-08,0.12909243
2023-03-09,0.0
2023-03-10,0.0
2023-03-11,0.0
2023-03-12,0.0
2023-03-13,0.0
2023-03-14,0.0
2023-03-15,0.0
2023-03-16,1.264233
2023-03-17,4.1437883
2023-03-18,0.0
2023-03-19,0.0
2023-03-20,0.0
2023-03-21,0.0
2023-03-22,0.38899478
2023-03-23,0.0
2023-03-24,0.0
2023-03-25,0.0
2023-03-26,0.0
2023-03-27,0.0
2023-03-28,0.0
2023-03-29,0.0
2023-03-30,0.0
2023-03-31,0.0
2023-04-01,0.0
2023-04-02,0.0
2023-04-03,0.0
2023-04-04,0.0
2023-04-05,0.0
2023-04-06,0.0
2023-04-07,0.0
2023-04-08,0.48624346
2023-04-09,0.0
2023-04-10,6.7662244
2023-04-11,0.0
2023-04-12,0.0
2023-04-13,0.0
2023-04-14,23.973219
2023-04-15,0.0
2023-04-16,3.8316767
2023-04-17,0.28180054
2023-04-18,0.0
2023-04-19,0.0
2023-04-20,0.3178612
2023-04-21,1.3334831
2023-04-22,0.0
2023-04-23,0.0
2023-04-24,0.0
2023-04-25,0.0
2023-04-26,0.0
2023-04-27,0.0
2023-04-28,0.0
2023-04-29,0.0
2023-04-30,0.0
2023-05-01,0.0
2023-05-02,0.0
2023-05-03,0.0
2023-05-04,4.376191
2023-05-05,0.10595374
2023-05-06,0.0
2023-05-07,0.7108671
2023-05-08,0.41370323
2023-05-09,8.946879
2023-05-10,0.0
2023-05-11,0.0
2023-05-12,0.0
2023-05-13,0.0
2023-05-14,0.0
2023-05-15,0.0
2023-05-16,0.0
2023-05-17,0.0
2023-05-18,0.0
2023-05-19,0.0
2023-05-20,0.0
2023-05-21,0.0
2023-05-22,0.0
2023-05-23,0.0
2023-05-24,0.0
2023-05-25,0.0
2023-05-26,0.0
2023-05-27,0.0
2023-05-28,0.0
2023-05-29,0.0
2023-05-30,4.88518
2023-05-31,0.013647312
2023-06-01,0.17348185
2023-06-02,6.918305
2023-06-03,0.0
2023-06-04,0.0
2023-06-05,13.294726
2023-06-06,0.0
2023-06-07,0.0
2023-06-08,0.0
2023-06-09,0.25731623
2023-06-10,0.234653
2023-06-11,0.10595374
2023-06-12,0.0
2023-06-13,0.0
2023-06-14,0.08717083
2023-06-15,0.12758021
2023-06-16,0.0
2023-06-17,0.27174985
2023-06-18,0.097248696
2023-06-19,0.0
2023-06-20,0.0
2023-06-21,0.0
2023-06-22,0.0
2023-06-23,0.0
2023-06-24,0.004549104
2023-06-25,14.326096
2023-06-26,10.943658
2023-06-27,7.1215153
2023-06-28,15.143332
2023-06-29,10.524135
2023-06-30,6.0798264
2023-07-01,20.482153
2023-07-02,3.4123719
2023-07-03,8.173459
2023-07-04,0.7409723
2023-07-05,0.36801574
2023-07-06,4.295832
2023-07-07,0.38949084
2023-07-08,2.8474734
2023-07-09,1.6024158
2023-07-10,0.5948894
2023-07-11,2.3370054
2023-07-12,0.052048415
2023-07-13,0.024753792
2023-07-14,1.1806316
2023-07-15,1.4723046
2023-07-16,1.9181753
2023-07-17,2.0745158
2023-07-18,5.050836
2023-07-19,6.743991
2023-07-20,17.992247
2023-07-21,1.8079736
2023-07-22,7.4136
2023-07-23,7.1059785
2023-07-24,14.025142
2023-07-25,9.457587
2023-07-26,11.141842
2023-07-27,5.6277227
2023-07-28,10.831123
2023-07-29,6.3428707
2023-07-30,2.8151064
2023-07-31,3.2228665
2023-08-01,4.748709
2023-08-02,1.7156082
2023-08-03,0.72046137
2023-08-04,3.5196223
2023-08-05,3.407469
2023-08-06,1.7347744
2023-08-07,0.894877
2023-08-08,0.14951564
2023-08-09,0.841363
2023-08-10,0.3392454
2023-08-11,0.07881048
2023-08-12,0.022745518
2023-08-13,1.3455843
2023-08-14,0.09394673
2023-08-15,0.5609551
2023-08-16,0.5991377
2023-08-17,0.16823138
2023-08-18,1.1407182
2023-08-19,1.1114154
2023-08-20,2.0243933
2023-08-21,3.5473766
2023-08-22,0.022745518
2023-08-23,2.9368913
2023-08-24,0.041679796
2023-08-25,1.8035536
2023-08-26,4.1950626
2023-08-27,6.2250247
2023-08-28,0.22028297
2023-08-29,0.6872882
2023-08-30,0.0
2023-08-31,0.0
2023-09-01,0.0
2023-09-02,19.07894
2023-09-03,8.582544
2023-09-04,0.0
2023-09-05,0.0
2023-09-06,0.0
2023-09-07,0.0
2023-09-08,10.4134865
2023-09-09,18.065474
2023-09-10,0.12577724
2023-09-11,0.041679796
2023-09-12,0.0
2023-09-13,0.009098208
2023-09-14,0.04749931
2023-09-15,0.013647312
2023-09-16,0.022745518
2023-09-17,0.9201967
2023-09-18,1.9538791
2023-09-19,1.9712523
2023-09-20,0.15307187
2023-09-21,0.23191884
2023-09-22,3.6525488
2023-09-23,9.310258
2023-09-24,24.99341
2023-09-25,6.998535
2023-09-26,0.0
2023-09-27,38.23882
2023-09-28,6.2775393
2023-09-29,5.0883427
2023-09-30,16.827187
2023-10-01,11.597
2023-10-02,5.1331944
2023-10-03,0.21242681
2023-10-04,0.0
2023-10-05,0.0
2023-10-06,0.0
2023-10-07,0.0
2023-10-08,0.0
2023-10-09,0.0
2023-10-10,0.0
2023-10-11,0.0
2023-10-12,0.0
2023-10-13,0.0
2023-10-14,0.0
2023-10-15,0.0
2023-10-16,0.0
2023-10-17,0.0
2023-10-18,0.0
2023-10-19,0.9724869
2023-10-20,0.87523824
2023-10-21,0.0
2023-10-22,0.015655586
2023-10-23,0.0
2023-10-24,0.0
2023-10-25,0.0
2023-10-26,0.0
2023-10-27,0.0
2023-10-28,0.0
2023-10-29,0.0
2023-10-30,0.0
2023-10-31,0.0
2023-11-01,0.0
2023-11-02,0.0
2023-11-03,0.0
2023-11-04,0.0
2023-11-05,0.0
2023-11-06,0.0
2023-11-07,0.0
2023-11-08,0.0
2023-11-09,0.0
2023-11-10,0.0
2023-11-11,27.152552
2023-11-12,0.0
2023-11-13,0.0
2023-11-14,0.0
2023-11-15,0.0
2023-11-16,0.0
2023-11-17,0.0
2023-11-18,0.0
2023-11-19,0.0
2023-11-20,0.0
2023-11-21,0.0
2023-11-22,0.0
2023-11-23,0.0
2023-11-24,0.0
2023-11-25,0.0
2023-11-26,0.0
2023-11-27,5.2634077
2023-11-28,0.0
2023-11-29,0.0
2023-11-30,0.0
2023-12-01,0.0
2023-12-02,0.0
2023-12-03,0.0
2023-12-04,0.0
2023-12-05,0.0
2023-12-06,0.0
2023-12-07,0.0
2023-12-08,0.0
2023-12-09,0.0
2023-12-10,0.0
2023-12-11,0.0
2023-12-12,0.0
2023-12-13,0.0
2023-12-14,0.0
2023-12-15,0.0
2023-12-16,0.0
2023-12-17,0.0
2023-12-18,0.0
2023-12-19,0.0
2023-12-20,0.0
2023-12-21,0.0
2023-12-22,0.0
2023-12-23,0.0
2023-12-24,0.0
2023-12-25,0.0
2023-12-26,0.0
2023-12-27,0.0
2023-12-28,0.0
2023-12-29,0.0
2023-12-30,0.0
2023-12-31,0.0
2024-01-01,0.0
2024-01-02,0.0
2024-01-03,0.0
2024-01-04,0.0
2024-01-05,0.0
2024-01-06,0.0
2024-01-07,0.0
2024-01-08,0.0
2024-01-09,0.0
2024-01-10,1.6158553
2024-01-11,0.0
2024-01-12,0.0
2024-01-13,0.0
2024-01-14,0.0
2024-01-15,0.0
2024-01-16,0.0
2024-01-17,0.0
2024-01-18,0.0
2024-01-19,0.0
2024-01-20,0.0
2024-01-21,0.0
2024-01-22,0.0
2024-01-23,0.0
2024-01-24,0.0
2024-01-25,0.0
2024-01-26,0.0
2024-01-27,0.0
2024-01-28,0.0
2024-01-29,0.0
2024-01-30,0.0
2024-01-31,0.0
2024-02-01,0.0
2024-02-02,0.0
2024-02-03,0.0
2024-02-04,0.0
2024-02-05,0.0
2024-02-06,0.0
2024-02-07,0.0
2024-02-08,0.0
2024-02-09,0.0
2024-02-10,0.0
2024-02-11,0.0
2024-02-12,0.0
2024-02-13,0.0
2024-02-14,0.0
2024-02-15,0.0
2024-02-16,0.0
2024-02-17,0.0
2024-02-18,0.0
2024-02-19,0.0
2024-02-20,0.0
2024-02-21,0.0
2024-02-22,0.0
2024-02-23,0.0
2024-02-24,0.0
2024-02-25,0.0
2024-02-26,0.0
2024-02-27,0.0
2024-02-28,0.0
2024-02-29,0.0
2024-03-01,0.19449739
2024-03-02,1.9449738
2024-03-03,0.0
2024-03-04,0.0
2024-03-05,0.0
2024-03-06,0.0
2024-03-07,0.0
2024-03-08,0.0
2024-03-09,0.0
2024-03-10,0.0
2024-03-11,0.0
2024-03-12,0.0
2024-03-13,0.0
2024-03-14,0.0
2024-03-15,0.0
2024-03-16,0.0
2024-03-17,0.0
2024-03-18,0.0
2024-03-19,0.0
2024-03-20,0.0
2024-03-21,0.0
2024-03-22,0.0
2024-03-23,0.0
2024-03-24,0.0
2024-03-25,0.0
2024-03-26,0.0
2024-03-27,0.0
2024-03-28,0.0
2024-03-29,0.0
2024-03-30,0.0
2024-03-31,0.0
2024-04-01,0.0
2024-04-02,0.0
2024-04-03,0.0
2024-04-04,0.0
2024-04-05,0.0
2024-04-06,0.0
2024-04-07,0.0
2024-04-08,0.0
2024-04-09,0.0
2024-04-10,0.0
2024-04-11,0.0
2024-04-12,0.0
2024-04-13,0.0
2024-04-14,0.0
2024-04-15,0.0
2024-04-16,0.0
2024-04-17,4.8624344
2024-04-18,4.084445
2024-04-19,0.0
2024-04-20,0.0
2024-04-21,2.4097545
2024-04-22,0.0
2024-04-23,0.0
2024-04-24,0.0
2024-04-25,0.0
2024-04-26,0.0
2024-04-27,0.16649872
2024-04-28,0.0
2024-04-29,0.0
2024-04-30,0.0
2024-05-01,0.0
2024-05-02,0.0
2024-05-03,0.0
2024-05-04,0.0
2024-05-05,0.0
2024-05-06,0.0
2024-05-07,0.0
2024-05-08,0.0
2024-05-09,0.0
2024-05-10,0.48624346
2024-05-11,27.424131
2024-05-12,39.839413
2024-05-13,0.0
2024-05-14,3.3039315
2024-05-15,0.0
2024-05-16,12.447833
2024-05-17,3.403704
2024-05-18,0.0
2024-05-19,0.0
2024-05-20,6.7614474
2024-05-21,0.5033427
2024-05-22,0.18163498
2024-05-23,0.3092171
2024-05-24,0.0
2024-05-25,0.0
2024-05-26,0.0
2024-05-27,0.0
2024-05-28,0.0
2024-05-29,0.0
2024-05-30,0.0
2024-05-31,0.0
2024-06-01,0.0
2024-06-02,0.0
2024-06-03,0.0
2024-06-04,0.0
2024-06-05,66.724106
2024-06-06,9.177769
2024-06-07,14.177609
2024-06-08,0.1649527
2024-06-09,114.00236
2024-06-10,12.442798
2024-06-11,7.881691
2024-06-12,0.0
2024-06-13,0.0
2024-06-14,2.1160908
2024-06-15,0.16167401
2024-06-16,0.5213658
2024-06-17,5.083833
2024-06-18,0.77798957
2024-06-19,0.19679642
2024-06-20,0.0
2024-06-21,5.843024
2024-06-22,0.90704554
2024-06-23,0.0
2024-06-24,0.5155464
2024-06-25,0.19449739
2024-06-26,0.7012801
2024-06-27,1.1679097
2024-06-28,1.1657629
2024-06-29,5.365944
2024-06-30,0.39940232
2024-07-01,2.3139882
2024-07-02,4.4742265
2024-07-03,13.140903
2024-07-04,0.38248637
2024-07-05,1.1508942
2024-07-06,1.8736595
2024-07-07,2.0764217
2024-07-08,0.13458785
2024-07-09,15.920368
2024-07-10,0.0
2024-07-11,0.0
2024-07-12,2.2812312
2024-07-13,10.781747
2024-07-14,37.273403
2024-07-15,16.493086
2024-07-16,2.3567142
2024-07-17,0.0
2024-07-18,5.927395
2024-07-19,2.5911374
2024-07-20,2.9376676
2024-07-21,3.3351593
2024-07-22,4.913228
2024-07-23,11.917223
2024-07-24,40.200325
2024-07-25,113.9484
2024-07-26,56.198555
2024-07-27,2.3983355
2024-07-28,3.5434687
2024-07-29,8.9822035
2024-07-30,7.455883
2024-07-31,29.533659
2024-08-01,2.1096482
2024-08-02,11.424546
2024-08-03,17.030762
2024-08-04,16.786924
2024-08-05,38.5785
2024-08-06,4.786177
2024-08-07,0.0
2024-08-08,1.7567922
2024-08-09,3.9275746
2024-08-10,1.0200353
2024-08-11,0.47563305
2024-08-12,2.7972248
2024-08-13,0.70422417
2024-08-14,0.0
2024-08-15,0.0
2024-08-16,0.0
2024-08-17,0.0
2024-08-18,34.54058
2024-08-19,37.494156
2024-08-20,12.660859
2024-08-21,0.7776554
2024-08-22,1.7504765
2024-08-23,6.4593554
2024-08-24,10.378954
2024-08-25,34.720444
2024-08-26,13.160214
2024-08-27,2.1383424
2024-08-28,7.155433
2024-08-29,1.4606953
2024-08-30,1.3137406
2024-08-31,5.51236
2024-09-01,0.87523824
2024-09-02,2.1825476
2024-09-03,1.095886
2024-09-04,0.25606093
2024-09-05,5.6541605
2024-09-06,6.0420504
2024-09-07,0.48800993
2024-09-08,0.4463302
2024-09-09,1.6873705
2024-09-10,0.42813373
2024-09-11,2.1901567
2024-09-12,0.37182698
2024-09-13,0.21724291
2024-09-14,0.1017978
2024-09-15,0.0
2024-09-16,0.0
2024-09-17,0.0
2024-09-18,0.0
2024-09-19,0.0
2024-09-20,0.0
2024-09-21,0.0
2024-09-22,0.38899478
2024-09-23,17.061901
2024-09-24,4.6473985
2024-09-25,19.322947
2024-09-26,129.6953
2024-09-27,6.0771756
2024-09-28,4.010729
2024-09-29,1.8136313
2024-09-30,0.0
2024-10-01,0.0
2024-10-02,0.0
2024-10-03,2.3339686
2024-10-04,0.0
2024-10-05,0.0
2024-10-06,0.0
2024-10-07,0.0
2024-10-08,0.0
2024-10-09,0.0
2024-10-10,1.8712084
2024-10-11,0.0
2024-10-12,22.06954
2024-10-13,0.0
2024-10-14,0.0
2024-10-15,0.0
2024-10-16,4.491636
2024-10-17,2.437983
2024-10-18,0.22476988
2024-10-19,0.0
2024-10-20,19.225697
2024-10-21,1.3614817
2024-10-22,0.0
2024-10-23,0.0
2024-10-24,0.0
2024-10-25,0.0
2024-10-26,0.0
2024-10-27,0.0
2024-10-28,0.0
2024-10-29,0.0
2024-10-30,0.0
2024-10-31,0.0
2024-11-01,0.0
2024-11-02,0.0
2024-11-03,0.0
2024-11-04,0.0
2024-11-05,0.0
2024-11-06,0.0
2024-11-07,0.0
2024-11-08,0.0
2024-11-09,0.0
2024-11-10,0.0
2024-11-11,0.0
2024-11-12,0.0
2024-11-13,0.0
2024-11-14,0.0
2024-11-15,0.0
2024-11-16,0.0
2024-11-17,0.0
2024-11-18,0.0
2024-11-19,0.0
2024-11-20,0.0
2024-11-21,0.0
2024-11-22,0.0
2024-11-23,0.0
2024-11-24,0.0
2024-11-25,0.0
2024-11-26,0.0
2024-11-27,0.0
2024-11-28,0.0
2024-11-29,0.0
2024-11-30,0.0
2024-12-01,0.0
2024-12-02,0.0
2024-12-03,0.0
2024-12-04,0.38899478
2024-12-05,0.0
2024-12-06,0.0
2024-12-07,0.0
2024-12-08,0.0
2024-12-09,0.0
2024-12-10,0.0
2024-12-11,0.0
2024-12-12,0.0
2024-12-13,0.0
2024-12-14,0.0
2024-12-15,0.0
2024-12-16,0.0
2024-12-17,0.0
2024-12-18,0.0
2024-12-19,0.0
2024-12-20,0.0
2024-12-21,0.0
2024-12-22,0.0
2024-12-23,0.0
2024-12-24,0.0
2024-12-25,0.0
2024-12-26,0.0
2024-12-27,0.0
2024-12-28,0.0
2024-12-29,5.834922
2024-12-30,0.0
2024-12-31,0.0
2025-01-01,0.0
2025-01-02,0.0
2025-01-03,0.0
2025-01-04,0.0
2025-01-05,0.0
2025-01-06,0.0
2025-01-07,0.0
2025-01-08,0.0
2025-01-09,0.0
2025-01-10,0.0
2025-01-11,0.0
2025-01-12,0.0
2025-01-13,0.0
2025-01-14,0.0
2025-01-15,0.0
2025-01-16,0.0
2025-01-17,0.0
2025-01-18,0.0
2025-01-19,0.0
2025-01-20,0.0
2025-01-21,0.0
2025-01-22,0.0
2025-01-23,0.0
2025-01-24,0.0
2025-01-25,0.0
2025-01-26,0.0
2025-01-27,0.0
2025-01-28,0.0
2025-01-29,0.0
2025-01-30,0.0
2025-01-31,0.0
2025-02-01,0.0
2025-02-02,0.0
2025-02-03,0.0
2025-02-04,0.0
2025-02-05,0.0
2025-02-06,0.0
2025-02-07,0.0
2025-02-08,0.0
2025-02-09,0.0
2025-02-10,0.0
2025-02-11,0.0
2025-02-12,0.0
2025-02-13,0.0
2025-02-14,0.0
2025-02-15,0.0
2025-02-16,0.0
2025-02-17,0.0
2025-02-18,0.0
2025-02-19,0.0
2025-02-20,0.0
2025-02-21,0.0
2025-02-22,0.0
2025-02-23,0.0
2025-02-24,0.0
2025-02-25,0.0
2025-02-26,0.0
2025-02-27,0.0
2025-02-28,0.0
2025-03-01,0.0
2025-03-02,0.0
2025-03-03,0.0
2025-03-04,0.0
2025-03-05,0.0
2025-03-06,0.0
2025-03-07,0.0
2025-03-08,0.0
2025-03-09,0.0
2025-03-10,0.0
2025-03-11,0.0
2025-03-12,0.0
2025-03-13,0.0
2025-03-14,0.0
2025-03-15,0.0
2025-03-16,0.0
2025-03-17,0.0
2025-03-18,0.0
2025-03-19,0.0
2025-03-20,0.0
2025-03-21,0.0
2025-03-22,0.0
2025-03-23,0.0
2025-03-24,0.0
2025-03-25,0.0
2025-03-26,0.0
2025-03-27,0.0
2025-03-28,0.0
2025-03-29,0.0
2025-03-30,0.0
2025-03-31,0.0
2025-04-01,0.0
2025-04-02,0.0
2025-04-03,0.0
2025-04-04,7.396628
2025-04-05,0.0
2025-04-06,0.0
2025-04-07,0.0
2025-04-08,0.0
2025-04-09,0.0
2025-04-10,0.0
2025-04-11,0.0
2025-04-12,0.0
2025-04-13,0.0
2025-04-14,0.0
2025-04-15,0.0
2025-04-16,0.0
2025-04-17,0.0
2025-04-18,0.0
2025-04-19,0.0
2025-04-20,0.0
2025-04-21,0.0
2025-04-22,0.0
2025-04-23,0.0
2025-04-24,0.0
2025-04-25,0.0
2025-04-26,0.0
2025-04-27,0.0
2025-04-28,0.0
2025-04-29,0.0
2025-04-30,0.0
2025-05-01,0.0
2025-05-02,0.0
2025-05-03,0.0
2025-05-04,0.0
2025-05-05,0.0
2025-05-06,0.0
2025-05-07,0.0
2025-05-08,0.0
2025-05-09,0.0
2025-05-10,10.891853
2025-05-11,0.0
2025-05-12,0.0
2025-05-13,2.4494135
2025-05-14,18.534159
2025-05-15,0.0
2025-05-16,0.6264424
2025-05-17,19.877401
2025-05-18,0.0
2025-05-19,13.93698
2025-05-20,8.606999
2025-05-21,40.83406
2025-05-22,8.823767
2025-05-23,10.7756
2025-05-24,7.6629844
2025-05-25,20.073627
2025-05-26,23.330667
2025-05-27,41.812836
2025-05-28,15.439967
2025-05-29,7.1742396
2025-05-30,0.0
2025-05-31,0.0
2025-06-01,0.0
2025-06-02,1.2953024
2025-06-03,0.0
2025-06-04,0.0
2025-06-05,16.52976
2025-06-06,0.0
2025-06-07,14.807824
2025-06-08,4.993293
2025-06-09,0.0
2025-06-10,0.0
2025-06-11,0.0
2025-06-12,5.344163
2025-06-13,25.412476
2025-06-14,61.92787
2025-06-15,0.83560294
2025-06-16,30.66299
2025-06-17,9.779319
2025-06-18,6.285106
2025-06-19,31.299578
2025-06-20,26.133438
2025-06-21,3.0185823
2025-06-22,3.1364105
2025-06-23,0.8600322
2025-06-24,18.510483
2025-06-25,1.2884567
2025-06-26,0.12958848
2025-06-27,0.74189997
2025-06-28,1.7877824
2025-06-29,3.1547828
2025-06-30,2.1733723
2025-07-01,3.8821461
2025-07-02,6.0312343
2025-07-03,13.862129
2025-07-04,1.9514647
2025-07-05,3.2619495
2025-07-06,6.216286
2025-07-07,9.331763
2025-07-08,0.86460453
2025-07-09,0.48600167
2025-07-10,18.49561
2025-07-11,0.13892849
2025-07-12,6.4666505
2025-07-13,0.0
2025-07-14,0.5754226
2025-07-15,6.9870005
2025-07-16,8.572467
2025-07-17,0.0
2025-07-18,0.0
2025-07-19,0.0
2025-07-20,0.0
2025-07-21,0.5109973
2025-07-22,0.16249733
2025-07-23,3.5378416
2025-07-24,2.0013294
2025-07-25,6.6291113
2025-07-26,13.221773
2025-07-27,8.283828
2025-07-28,6.1738787
2025-07-29,2.3458385
2025-07-30,2.9442716
2025-07-31,1.0833596
2025-08-01,2.644844
2025-08-02,0.22834939
2025-08-03,1.1318518
2025-08-04,0.0
2025-08-05,0.0
2025-08-06,0.0
2025-08-07,0.0
2025-08-08,0.19449739
2025-08-09,1.18264
2025-08-10,2.27482
2025-08-11,0.0
2025-08-12,0.337975
2025-08-13,0.0
2025-08-14,0.0
2025-08-15,0.0
2025-08-16,0.18114083
2025-08-17,2.8346465
2025-08-18,1.0116259
2025-08-19,34.79922
2025-08-20,60.64177
2025-08-21,4.4984503
2025-08-22,1.4200641
2025-08-23,30.466099
2025-08-24,3.0730865
2025-08-25,0.63957083
2025-08-26,1.0495076
2025-08-27,0.38039264
2025-08-28,1.6178635
2025-08-29,10.555966
2025-08-30,2.235221
2025-08-31,0.18114083
2025-09-01,1.0709828
2025-09-02,0.3639992
2025-09-03,0.2634718
2025-09-04,0.0
2025-09-05,0.0
2025-09-06,0.2680209
2025-09-07,0.0
2025-09-08,4.611098
2025-09-09,0.2035956
2025-09-10,0.0
2025-09-11,0.0
2025-09-12,0.0
2025-09-13,17.504765
2025-09-14,8.224551
2025-09-15,59.118126
2025-09-16,4.6764927
2025-09-17,41.45724
2025-09-18,0.37022048
2025-09-19,95.22934
2025-09-20,0.20663248
2025-09-21,9.740525
2025-09-22,0.12483408
2025-09-23,15.299047
2025-09-24,0.12804052
2025-09-25,0.0
2025-09-26,6.0294185
2025-09-27,14.2166195
2025-09-28,36.175938
2025-09-29,5.3691373
2025-09-30,0.52464455
2025-10-01,0.26675048
2025-10-02,0.0
2025-10-03,0.0
2025-10-04,0.0
2025-10-05,0.0
2025-10-06,0.0
2025-10-07,0.0
2025-10-08,0.0
2025-10-09,11.879477
2025-10-10,0.0
2025-10-11,0.0
2025-10-12,0.0
2025-10-13,0.0
2025-10-14,0.0
2025-10-15,0.0
2025-10-16,0.48421508
2025-10-17,0.0
2025-10-18,0.0
2025-10-19,0.0
2025-10-20,0.0
2025-10-21,0.0
2025-10-22,0.68074083
2025-10-23,0.0
2025-10-24,18.31807
2025-10-25,0.15868607
2025-10-26,0.10081814
2025-10-27,12.677175
2025-10-28,2.6629615
2025-10-29,0.0
2025-10-30,19.61588
2025-10-31,0.29174608
2025-11-01,1.5488793
2025-11-02,2.1305814
2025-11-03,0.0
2025-11-04,0.0
2025-11-05,0.0
2025-11-06,0.0
2025-11-07,0.0
2025-11-08,0.0
2025-11-09,0.0
2025-11-10,0.0
2025-11-11,0.0
2025-11-12,0.0
2025-11-13,0.0
2025-11-14,0.0
2025-11-15,0.0
2025-11-16,0.0
2025-11-17,0.0
2025-11-18,0.0
2025-11-19,0.0
2025-11-20,0.0
2025-11-21,0.0
2025-11-22,0.0
2025-11-23,0.0
2025-11-24,0.0
2025-11-25,0.0
2025-11-26,0.0
2025-11-27,0.0
2025-11-28,0.0
2025-11-29,0.0
2025-11-30,0.0
2025-12-01,0.0
2025-12-02,0.0
2025-12-03,0.0
2025-12-04,0.0
2025-12-05,0.0
2025-12-06,0.0
2025-12-07,0.0
2025-12-08,0.0
2025-12-09,0.0
2025-12-10,0.0
2025-12-11,0.0
2025-12-12,0.0
2025-12-13,0.0
2025-12-14,0.0
2025-12-15,0.0
2025-12-16,0.0
2025-12-17,0.0
2025-12-18,0.0
2025-12-19,0.0
2025-12-20,0.0
2025-12-21,0.0
2025-12-22,0.0
2025-12-23,0.0
2025-12-24,0.0
2025-12-25,0.0
2025-12-26,0.0
2025-12-27,0.0
2025-12-28,0.0
2025-12-29,0.0
2025-12-30,0.0
2025-12-31,0.0
