City,Year,Month,Total_Rainfall_mm,Average_Daily_Rainfall_mm,Maximum_Daily_Rainfall_mm,Rainy_Days
Bengaluru,2015,1,23.37,0.7538,21.23,2
Bengaluru,2015,2,0.0,0.0,0.0,0
Bengaluru,2015,3,36.49,1.1772,21.38,5
Bengaluru,2015,4,189.33,6.311,46.84,15
Bengaluru,2015,5,123.09,3.9706,44.33,15
Bengaluru,2015,6,84.18,2.8059,28.05,21
Bengaluru,2015,7,72.98,2.3541,25.88,15
Bengaluru,2015,8,102.6,3.3098,21.29,17
Bengaluru,2015,9,179.5,5.9834,56.2,17
Bengaluru,2015,10,107.74,3.4755,39.14,12
Bengaluru,2015,11,260.31,8.6771,75.65,19
Bengaluru,2015,12,4.13,0.1331,1.72,5
Bengaluru,2016,1,4.85,0.1566,4.5,3
Bengaluru,2016,2,0.0,0.0,0.0,0
Bengaluru,2016,3,48.18,1.5541,44.97,3
Bengaluru,2016,4,6.71,0.2237,5.18,3
Bengaluru,2016,5,138.63,4.472,39.01,13
Bengaluru,2016,6,226.66,7.5553,68.94,26
Bengaluru,2016,7,178.56,5.7601,61.46,20
Bengaluru,2016,8,67.19,2.1673,29.13,16
Bengaluru,2016,9,52.56,1.7519,10.39,15
Bengaluru,2016,10,16.48,0.5315,9.7,3
Bengaluru,2016,11,0.87,0.0291,0.87,1
Bengaluru,2016,12,77.24,2.4916,65.4,5
Bengaluru,2017,1,0.27,0.0088,0.27,1
Bengaluru,2017,2,0.0,0.0,0.0,0
Bengaluru,2017,3,34.38,1.1091,30.84,3
Bengaluru,2017,4,30.15,1.0049,13.05,10
Bengaluru,2017,5,186.64,6.0206,48.87,18
Bengaluru,2017,6,31.98,1.0659,17.96,11
Bengaluru,2017,7,46.8,1.5098,9.02,15
Bengaluru,2017,8,334.06,10.7763,132.96,21
Bengaluru,2017,9,460.44,15.3481,63.0,20
Bengaluru,2017,10,272.43,8.7882,39.93,16
Bengaluru,2017,11,12.76,0.4255,6.39,4
Bengaluru,2017,12,16.21,0.523,9.29,2
Bengaluru,2018,1,0.0,0.0,0.0,0
Bengaluru,2018,2,3.29,0.1175,2.31,2
Bengaluru,2018,3,30.89,0.9965,22.74,3
Bengaluru,2018,4,32.69,1.0895,15.14,9
Bengaluru,2018,5,237.63,7.6656,31.9,18
Bengaluru,2018,6,86.63,2.8878,17.06,17
Bengaluru,2018,7,67.34,2.1723,24.56,18
Bengaluru,2018,8,128.18,4.1347,25.55,24
Bengaluru,2018,9,151.94,5.0647,40.81,12
Bengaluru,2018,10,68.35,2.2048,22.37,11
Bengaluru,2018,11,23.48,0.7826,19.78,7
Bengaluru,2018,12,7.92,0.2554,4.88,2
Bengaluru,2019,1,0.79,0.0255,0.64,2
Bengaluru,2019,2,52.2,1.8644,51.43,2
Bengaluru,2019,3,0.0,0.0,0.0,0
Bengaluru,2019,4,37.46,1.2486,17.98,5
Bengaluru,2019,5,136.02,4.3878,22.43,15
Bengaluru,2019,6,74.78,2.4927,24.73,11
Bengaluru,2019,7,62.15,2.005,17.13,19
Bengaluru,2019,8,131.57,4.2443,30.98,21
Bengaluru,2019,9,180.85,6.0282,82.28,18
Bengaluru,2019,10,281.75,9.0887,41.74,22
Bengaluru,2019,11,44.3,1.4766,17.98,9
Bengaluru,2019,12,11.97,0.3861,5.53,7
Bengaluru,2020,1,0.18,0.0057,0.18,1
Bengaluru,2020,2,0.0,0.0,0.0,0
Bengaluru,2020,3,13.52,0.436,8.57,5
Bengaluru,2020,4,128.13,4.2709,68.05,6
Bengaluru,2020,5,90.34,2.9141,29.1,12
Bengaluru,2020,6,111.66,3.7221,31.86,14
Bengaluru,2020,7,160.87,5.1893,32.11,19
Bengaluru,2020,8,83.82,2.7039,23.19,16
Bengaluru,2020,9,216.46,7.2154,50.53,20
Bengaluru,2020,10,216.11,6.9714,57.58,16
Bengaluru,2020,11,88.91,2.9637,27.56,7
Bengaluru,2020,12,16.35,0.5275,4.87,9
Bengaluru,2021,1,19.53,0.6299,19.05,4
Bengaluru,2021,2,11.16,0.3984,8.09,3
Bengaluru,2021,3,0.0,0.0,0.0,0
Bengaluru,2021,4,66.16,2.2053,38.38,8
Bengaluru,2021,5,119.48,3.854,53.01,12
Bengaluru,2021,6,113.93,3.7977,41.21,18
Bengaluru,2021,7,193.65,6.2468,41.52,25
Bengaluru,2021,8,101.36,3.2697,15.77,24
Bengaluru,2021,9,160.08,5.3361,40.98,24
Bengaluru,2021,10,356.48,11.4992,53.37,24
Bengaluru,2021,11,248.17,8.2724,88.05,22
Bengaluru,2021,12,6.06,0.1955,2.51,7
Bengaluru,2022,1,3.55,0.1146,3.55,1
Bengaluru,2022,2,0.0,0.0,0.0,0
Bengaluru,2022,3,9.5,0.3065,7.02,3
Bengaluru,2022,4,85.29,2.8431,36.31,7
Bengaluru,2022,5,310.82,10.0265,94.54,21
Bengaluru,2022,6,243.26,8.1085,50.52,16
Bengaluru,2022,7,151.41,4.8841,45.04,26
Bengaluru,2022,8,388.94,12.5464,75.24,22
Bengaluru,2022,9,322.87,10.7622,119.03,18
Bengaluru,2022,10,297.43,9.5947,66.87,22
Bengaluru,2022,11,59.33,1.9775,18.8,13
Bengaluru,2022,12,73.15,2.3597,34.51,9
Bengaluru,2023,1,0.0,0.0,0.0,0
Bengaluru,2023,2,0.0,0.0,0.0,0
Bengaluru,2023,3,21.05,0.6791,13.62,5
Bengaluru,2023,4,46.81,1.5603,23.0,7
Bengaluru,2023,5,217.97,7.0314,44.76,21
Bengaluru,2023,6,108.1,3.6034,49.82,19
Bengaluru,2023,7,97.8,3.1547,18.45,26
Bengaluru,2023,8,15.56,0.5019,8.01,11
Bengaluru,2023,9,201.55,6.7182,77.15,24
Bengaluru,2023,10,91.91,2.9647,60.8,9
Bengaluru,2023,11,90.71,3.0235,48.1,12
Bengaluru,2023,12,1.91,0.0615,1.28,3
Bengaluru,2024,1,1.29,0.0415,1.29,1
Bengaluru,2024,2,0.0,0.0,0.0,0
Bengaluru,2024,3,0.0,0.0,0.0,0
Bengaluru,2024,4,0.0,0.0,0.0,0
Bengaluru,2024,5,143.4,4.6258,28.61,15
Bengaluru,2024,6,144.21,4.8068,60.59,17
Bengaluru,2024,7,69.49,2.2417,13.62,19
Bengaluru,2024,8,181.06,5.8405,39.08,20
Bengaluru,2024,9,48.34,1.6113,44.61,6
Bengaluru,2024,10,298.5,9.629,76.32,19
Bengaluru,2024,11,23.39,0.7797,6.4,9
Bengaluru,2024,12,80.3,2.5902,32.3,10
Bengaluru,2025,1,6.15,0.1983,3.61,2
Bengaluru,2025,2,0.0,0.0,0.0,0
Bengaluru,2025,3,11.18,0.3606,10.82,2
Bengaluru,2025,4,50.19,1.6732,21.85,12
Bengaluru,2025,5,309.88,9.9963,83.83,21
Bengaluru,2025,6,52.5,1.75,23.58,19
Bengaluru,2025,7,79.87,2.5766,21.18,23
Bengaluru,2025,8,155.78,5.0253,25.63,23
Bengaluru,2025,9,172.38,5.7461,38.95,18
Bengaluru,2025,10,113.2,3.6518,34.61,19
Bengaluru,2025,11,13.48,0.4494,9.59,5
Bengaluru,2025,12,1.72,0.0554,1.09,3
Chennai,2015,1,2.13,0.0687,0.92,3
Chennai,2015,2,0.0,0.0,0.0,0
Chennai,2015,3,0.0,0.0,0.0,0
Chennai,2015,4,47.12,1.5707,17.4,4
Chennai,2015,5,38.05,1.2275,31.94,4
Chennai,2015,6,40.87,1.3623,8.76,13
Chennai,2015,7,203.72,6.5717,47.84,22
Chennai,2015,8,139.87,4.5118,30.47,18
Chennai,2015,9,97.2,3.2401,34.21,9
Chennai,2015,10,183.66,5.9245,50.24,16
Chennai,2015,11,1051.92,35.0641,299.01,25
Chennai,2015,12,506.55,16.3404,329.34,10
Chennai,2016,1,0.42,0.0136,0.42,1
Chennai,2016,2,0.0,0.0,0.0,0
Chennai,2016,3,0.0,0.0,0.0,0
Chennai,2016,4,0.0,0.0,0.0,0
Chennai,2016,5,216.83,6.9944,113.48,6
Chennai,2016,6,133.14,4.4381,33.91,13
Chennai,2016,7,41.26,1.3311,15.95,14
Chennai,2016,8,24.52,0.791,5.79,13
Chennai,2016,9,264.68,8.8228,73.82,14
Chennai,2016,10,16.41,0.5294,7.41,7
Chennai,2016,11,73.85,2.4616,28.57,7
Chennai,2016,12,219.92,7.0941,105.86,8
Chennai,2017,1,3.41,0.1101,3.41,1
Chennai,2017,2,0.0,0.0,0.0,0
Chennai,2017,3,0.0,0.0,0.0,0
Chennai,2017,4,0.0,0.0,0.0,0
Chennai,2017,5,14.09,0.4546,12.78,2
Chennai,2017,6,68.55,2.285,14.18,11
Chennai,2017,7,110.65,3.5693,39.08,12
Chennai,2017,8,322.06,10.389,54.57,21
Chennai,2017,9,122.0,4.0665,23.58,17
Chennai,2017,10,330.93,10.6753,122.52,18
Chennai,2017,11,538.2,17.94,107.43,19
Chennai,2017,12,61.7,1.9903,60.32,2
Chennai,2018,1,2.33,0.0753,1.39,2
Chennai,2018,2,0.26,0.0094,0.26,1
Chennai,2018,3,5.46,0.1762,5.46,1
Chennai,2018,4,0.0,0.0,0.0,0
Chennai,2018,5,0.0,0.0,0.0,0
Chennai,2018,6,36.2,1.2067,17.25,10
Chennai,2018,7,72.54,2.34,34.88,11
Chennai,2018,8,160.28,5.1703,29.77,21
Chennai,2018,9,74.73,2.4911,26.17,8
Chennai,2018,10,172.67,5.5699,68.37,13
Chennai,2018,11,238.94,7.9647,102.84,13
Chennai,2018,12,110.45,3.563,69.2,5
Chennai,2019,1,0.0,0.0,0.0,0
Chennai,2019,2,1.05,0.0376,1.05,1
Chennai,2019,3,0.0,0.0,0.0,0
Chennai,2019,4,0.83,0.0276,0.83,1
Chennai,2019,5,0.0,0.0,0.0,0
Chennai,2019,6,18.96,0.6321,11.24,6
Chennai,2019,7,108.37,3.4957,27.87,13
Chennai,2019,8,170.48,5.4995,37.83,19
Chennai,2019,9,207.49,6.9162,91.57,18
Chennai,2019,10,369.64,11.924,51.02,18
Chennai,2019,11,97.74,3.258,25.9,17
Chennai,2019,12,208.67,6.7314,73.24,14
Chennai,2020,1,44.88,1.4477,23.62,6
Chennai,2020,2,0.21,0.0073,0.21,1
Chennai,2020,3,0.0,0.0,0.0,0
Chennai,2020,4,16.31,0.5436,9.1,3
Chennai,2020,5,0.0,0.0,0.0,0
Chennai,2020,6,24.15,0.805,7.28,8
Chennai,2020,7,87.05,2.8081,22.74,16
Chennai,2020,8,75.44,2.4335,37.56,11
Chennai,2020,9,162.25,5.4083,66.84,12
Chennai,2020,10,253.0,8.1613,84.38,15
Chennai,2020,11,438.8,14.6267,115.49,19
Chennai,2020,12,208.76,6.7342,54.62,12
Chennai,2021,1,122.19,3.9417,65.27,6
Chennai,2021,2,7.44,0.2656,3.75,3
Chennai,2021,3,0.0,0.0,0.0,0
Chennai,2021,4,19.35,0.645,19.35,1
Chennai,2021,5,11.48,0.3705,9.77,3
Chennai,2021,6,43.41,1.447,15.48,8
Chennai,2021,7,252.07,8.1314,39.51,16
Chennai,2021,8,185.5,5.9838,46.94,17
Chennai,2021,9,93.6,3.1202,34.89,13
Chennai,2021,10,228.63,7.375,59.61,21
Chennai,2021,11,1061.64,35.3881,164.81,28
Chennai,2021,12,123.61,3.9873,93.96,12
Chennai,2022,1,88.5,2.855,62.59,7
Chennai,2022,2,0.0,0.0,0.0,0
Chennai,2022,3,2.36,0.0761,2.36,1
Chennai,2022,4,0.0,0.0,0.0,0
Chennai,2022,5,57.06,1.8406,22.04,10
Chennai,2022,6,163.27,5.4423,54.54,10
Chennai,2022,7,116.47,3.7571,29.01,19
Chennai,2022,8,118.24,3.8141,22.5,14
Chennai,2022,9,94.23,3.1411,29.34,11
Chennai,2022,10,147.57,4.7602,24.99,22
Chennai,2022,11,540.72,18.0242,130.28,20
Chennai,2022,12,244.0,7.8708,117.24,11
Chennai,2023,1,2.01,0.0649,0.88,6
Chennai,2023,2,0.18,0.0064,0.18,1
Chennai,2023,3,48.05,1.55,14.01,7
Chennai,2023,4,6.8,0.2267,5.62,2
Chennai,2023,5,76.45,2.4662,68.43,4
Chennai,2023,6,133.78,4.4593,40.47,9
Chennai,2023,7,61.78,1.9929,17.35,12
Chennai,2023,8,176.85,5.7048,40.16,18
Chennai,2023,9,140.39,4.6797,35.8,20
Chennai,2023,10,33.41,1.0778,9.89,18
Chennai,2023,11,542.73,18.091,84.24,28
Chennai,2023,12,346.12,11.1652,180.82,11
Chennai,2024,1,41.96,1.3534,31.96,4
Chennai,2024,2,0.0,0.0,0.0,0
Chennai,2024,3,0.0,0.0,0.0,0
Chennai,2024,4,0.0,0.0,0.0,0
Chennai,2024,5,34.19,1.103,10.71,10
Chennai,2024,6,153.24,5.1081,52.75,14
Chennai,2024,7,182.08,5.8736,45.43,15
Chennai,2024,8,122.28,3.9444,65.59,13
Chennai,2024,9,126.15,4.2051,50.21,15
Chennai,2024,10,388.18,12.522,155.04,18
Chennai,2024,11,416.38,13.8793,105.01,20
Chennai,2024,12,309.47,9.983,87.37,16
Chennai,2025,1,59.16,1.9085,39.63,5
Chennai,2025,2,0.0,0.0,0.0,0
Chennai,2025,3,17.59,0.5674,17.35,2
Chennai,2025,4,64.94,2.1647,44.83,2
Chennai,2025,5,38.93,1.2557,6.54,10
Chennai,2025,6,74.08,2.4694,30.74,9
Chennai,2025,7,112.47,3.6281,31.88,15
Chennai,2025,8,244.33,7.8815,101.45,16
Chennai,2025,9,178.43,5.9475,59.45,17
Chennai,2025,10,391.76,12.6373,88.3,22
Chennai,2025,11,132.14,4.4048,37.93,18
Chennai,2025,12,440.22,14.2005,196.73,6
Delhi,2015,1,22.09,0.7125,7.6,9
Delhi,2015,2,0.21,0.0073,0.21,1
Delhi,2015,3,107.51,3.4681,63.53,8
Delhi,2015,4,24.11,0.8035,10.41,7
Delhi,2015,5,6.07,0.1959,2.88,4
Delhi,2015,6,95.51,3.1837,41.42,10
Delhi,2015,7,251.18,8.1026,77.68,20
Delhi,2015,8,271.5,8.7582,55.14,21
Delhi,2015,9,28.55,0.9516,22.42,4
Delhi,2015,10,0.23,0.0076,0.23,1
Delhi,2015,11,1.81,0.0604,0.93,2
Delhi,2015,12,0.0,0.0,0.0,0
Delhi,2016,1,0.0,0.0,0.0,0
Delhi,2016,2,0.17,0.0057,0.17,1
Delhi,2016,3,14.2,0.4582,3.68,8
Delhi,2016,4,0.19,0.0062,0.19,1
Delhi,2016,5,24.9,0.8033,7.89,10
Delhi,2016,6,47.5,1.5835,14.4,8
Delhi,2016,7,324.76,10.4762,44.47,21
Delhi,2016,8,123.62,3.9878,38.04,18
Delhi,2016,9,48.76,1.6252,44.47,4
Delhi,2016,10,9.84,0.3176,9.84,1
Delhi,2016,11,0.0,0.0,0.0,0
Delhi,2016,12,0.0,0.0,0.0,0
Delhi,2017,1,36.84,1.1885,33.48,3
Delhi,2017,2,0.0,0.0,0.0,0
Delhi,2017,3,5.62,0.1813,2.53,4
Delhi,2017,4,17.06,0.5688,14.69,5
Delhi,2017,5,17.32,0.5586,8.09,7
Delhi,2017,6,142.95,4.765,37.94,14
Delhi,2017,7,129.2,4.1678,26.06,20
Delhi,2017,8,98.89,3.19,21.53,17
Delhi,2017,9,113.27,3.7757,53.62,6
Delhi,2017,10,0.0,0.0,0.0,0
Delhi,2017,11,0.29,0.0096,0.29,1
Delhi,2017,12,4.73,0.1525,4.73,1
Delhi,2018,1,5.73,0.1848,5.73,1
Delhi,2018,2,0.0,0.0,0.0,0
Delhi,2018,3,0.0,0.0,0.0,0
Delhi,2018,4,10.29,0.3432,5.4,5
Delhi,2018,5,17.84,0.5756,10.45,6
Delhi,2018,6,44.71,1.4902,27.75,5
Delhi,2018,7,266.44,8.5948,65.91,20
Delhi,2018,8,185.07,5.9701,27.54,19
Delhi,2018,9,186.37,6.2122,38.21,14
Delhi,2018,10,0.0,0.0,0.0,0
Delhi,2018,11,5.64,0.1879,4.01,2
Delhi,2018,12,0.71,0.0228,0.46,2
Delhi,2019,1,37.5,1.2097,15.8,5
Delhi,2019,2,34.56,1.2344,20.37,11
Delhi,2019,3,6.93,0.2237,4.18,5
Delhi,2019,4,6.41,0.2136,3.05,6
Delhi,2019,5,17.14,0.5529,6.16,6
Delhi,2019,6,19.02,0.6341,18.15,3
Delhi,2019,7,172.47,5.5636,52.01,18
Delhi,2019,8,172.94,5.5788,48.6,20
Delhi,2019,9,81.06,2.7018,30.33,9
Delhi,2019,10,27.12,0.8748,27.12,1
Delhi,2019,11,3.41,0.1138,1.57,4
Delhi,2019,12,19.84,0.6399,19.37,3
Delhi,2020,1,28.41,0.9163,8.13,7
Delhi,2020,2,3.22,0.1112,3.22,1
Delhi,2020,3,91.63,2.9558,24.97,12
Delhi,2020,4,10.25,0.3416,5.95,5
Delhi,2020,5,14.87,0.4797,5.39,7
Delhi,2020,6,42.9,1.43,11.33,13
Delhi,2020,7,191.5,6.1774,48.74,18
Delhi,2020,8,280.78,9.0573,85.25,19
Delhi,2020,9,31.34,1.0445,17.7,5
Delhi,2020,10,0.0,0.0,0.0,0
Delhi,2020,11,0.76,0.0253,0.76,1
Delhi,2020,12,0.12,0.004,0.12,1
Delhi,2021,1,50.87,1.6409,14.06,5
Delhi,2021,2,2.34,0.0834,2.34,1
Delhi,2021,3,0.97,0.0312,0.79,2
Delhi,2021,4,2.75,0.0915,2.59,2
Delhi,2021,5,153.49,4.9512,103.28,8
Delhi,2021,6,29.9,0.9967,11.67,7
Delhi,2021,7,394.22,12.7169,74.06,19
Delhi,2021,8,225.42,7.2716,86.45,15
Delhi,2021,9,254.72,8.4907,53.92,21
Delhi,2021,10,97.84,3.1561,66.83,5
Delhi,2021,11,0.0,0.0,0.0,0
Delhi,2021,12,5.16,0.1665,2.6,4
Delhi,2022,1,89.62,2.8909,44.95,6
Delhi,2022,2,19.75,0.7053,11.56,5
Delhi,2022,3,0.0,0.0,0.0,0
Delhi,2022,4,0.0,0.0,0.0,0
Delhi,2022,5,62.42,2.0135,19.68,8
Delhi,2022,6,20.55,0.6849,8.78,6
Delhi,2022,7,242.92,7.8362,70.5,25
Delhi,2022,8,61.4,1.9807,15.65,13
Delhi,2022,9,197.36,6.5787,67.24,12
Delhi,2022,10,110.3,3.5582,72.36,5
Delhi,2022,11,0.0,0.0,0.0,0
Delhi,2022,12,0.0,0.0,0.0,0
Delhi,2023,1,14.61,0.4712,14.61,1
Delhi,2023,2,0.0,0.0,0.0,0
Delhi,2023,3,57.73,1.8622,21.74,7
Delhi,2023,4,7.62,0.2541,3.29,6
Delhi,2023,5,76.79,2.4771,22.12,11
Delhi,2023,6,112.61,3.7536,41.59,18
Delhi,2023,7,323.05,10.4209,109.25,20
Delhi,2023,8,79.5,2.5645,34.62,10
Delhi,2023,9,94.64,3.1547,44.39,11
Delhi,2023,10,7.17,0.2312,7.17,1
Delhi,2023,11,8.76,0.2921,3.2,4
Delhi,2023,12,0.0,0.0,0.0,0
Delhi,2024,1,0.0,0.0,0.0,0
Delhi,2024,2,26.32,0.9076,19.5,6
Delhi,2024,3,7.02,0.2263,6.85,2
Delhi,2024,4,7.45,0.2482,2.93,5
Delhi,2024,5,0.79,0.0255,0.79,1
Delhi,2024,6,100.66,3.3553,89.88,9
Delhi,2024,7,187.14,6.0369,45.13,21
Delhi,2024,8,314.18,10.1348,79.56,26
Delhi,2024,9,143.77,4.7923,36.32,15
Delhi,2024,10,0.0,0.0,0.0,0
Delhi,2024,11,0.0,0.0,0.0,0
Delhi,2024,12,47.58,1.5349,42.3,5
Delhi,2025,1,10.25,0.3305,7.14,3
Delhi,2025,2,0.42,0.0151,0.42,1
Delhi,2025,3,2.74,0.0884,2.74,1
Delhi,2025,4,6.25,0.2083,4.33,2
Delhi,2025,5,93.17,3.0056,39.23,10
Delhi,2025,6,52.86,1.762,19.22,10
Delhi,2025,7,235.68,7.6025,59.04,25
Delhi,2025,8,298.66,9.6342,42.72,26
Delhi,2025,9,123.44,4.1146,44.12,11
Delhi,2025,10,83.72,2.7005,36.21,5
Delhi,2025,11,0.0,0.0,0.0,0
Delhi,2025,12,0.0,0.0,0.0,0
Hyderabad,2015,1,0.32,0.0102,0.32,1
Hyderabad,2015,2,0.0,0.0,0.0,0
Hyderabad,2015,3,27.09,0.8738,17.29,5
Hyderabad,2015,4,78.08,2.6027,32.7,11
Hyderabad,2015,5,30.19,0.9739,20.05,5
Hyderabad,2015,6,139.51,4.6504,32.28,17
Hyderabad,2015,7,47.91,1.5453,34.13,10
Hyderabad,2015,8,93.1,3.0033,23.82,22
Hyderabad,2015,9,141.95,4.7317,21.56,16
Hyderabad,2015,10,56.58,1.8252,26.25,3
Hyderabad,2015,11,0.34,0.0112,0.34,1
Hyderabad,2015,12,0.0,0.0,0.0,0
Hyderabad,2016,1,0.58,0.0187,0.58,1
Hyderabad,2016,2,0.0,0.0,0.0,0
Hyderabad,2016,3,1.58,0.0511,1.58,1
Hyderabad,2016,4,8.33,0.2776,5.42,3
Hyderabad,2016,5,90.35,2.9146,39.55,11
Hyderabad,2016,6,87.56,2.9187,25.4,16
Hyderabad,2016,7,159.02,5.1298,31.35,20
Hyderabad,2016,8,126.3,4.0742,44.62,12
Hyderabad,2016,9,533.21,17.7737,109.36,20
Hyderabad,2016,10,43.58,1.4058,11.24,7
Hyderabad,2016,11,0.91,0.0303,0.91,1
Hyderabad,2016,12,1.78,0.0573,0.85,3
Hyderabad,2017,1,0.0,0.0,0.0,0
Hyderabad,2017,2,0.0,0.0,0.0,0
Hyderabad,2017,3,7.11,0.2294,4.33,5
Hyderabad,2017,4,18.48,0.616,14.28,3
Hyderabad,2017,5,30.19,0.974,26.23,4
Hyderabad,2017,6,225.17,7.5057,64.56,18
Hyderabad,2017,7,143.56,4.631,43.66,23
Hyderabad,2017,8,184.38,5.9478,78.16,19
Hyderabad,2017,9,199.86,6.6619,49.38,16
Hyderabad,2017,10,229.37,7.399,87.48,16
Hyderabad,2017,11,0.38,0.0126,0.38,1
Hyderabad,2017,12,0.0,0.0,0.0,0
Hyderabad,2018,1,0.0,0.0,0.0,0
Hyderabad,2018,2,0.0,0.0,0.0,0
Hyderabad,2018,3,1.38,0.0445,1.38,1
Hyderabad,2018,4,34.3,1.1433,16.99,7
Hyderabad,2018,5,60.99,1.9674,25.16,8
Hyderabad,2018,6,117.25,3.9084,52.2,16
Hyderabad,2018,7,91.61,2.9553,18.86,18
Hyderabad,2018,8,121.71,3.926,29.18,20
Hyderabad,2018,9,74.18,2.4728,16.51,18
Hyderabad,2018,10,32.21,1.0389,24.91,2
Hyderabad,2018,11,0.0,0.0,0.0,0
Hyderabad,2018,12,47.16,1.5212,44.38,2
Hyderabad,2019,1,14.17,0.457,7.41,2
Hyderabad,2019,2,0.53,0.019,0.53,1
Hyderabad,2019,3,0.37,0.0119,0.37,1
Hyderabad,2019,4,20.31,0.6771,3.61,11
Hyderabad,2019,5,34.61,1.1163,23.41,4
Hyderabad,2019,6,94.54,3.1514,22.48,8
Hyderabad,2019,7,132.05,4.2598,40.12,22
Hyderabad,2019,8,146.25,4.7177,39.51,19
Hyderabad,2019,9,258.26,8.6086,69.75,22
Hyderabad,2019,10,169.72,5.4747,30.26,24
Hyderabad,2019,11,0.0,0.0,0.0,0
Hyderabad,2019,12,2.81,0.0906,2.81,1
Hyderabad,2020,1,2.46,0.0793,1.03,3
Hyderabad,2020,2,6.36,0.2193,5.73,3
Hyderabad,2020,3,7.97,0.2572,5.84,3
Hyderabad,2020,4,22.44,0.748,7.59,8
Hyderabad,2020,5,14.58,0.4703,6.42,10
Hyderabad,2020,6,145.47,4.8489,37.08,17
Hyderabad,2020,7,124.28,4.0091,18.91,22
Hyderabad,2020,8,278.41,8.9811,37.99,22
Hyderabad,2020,9,303.83,10.1276,55.02,17
Hyderabad,2020,10,319.0,10.2904,190.11,9
Hyderabad,2020,11,7.54,0.2515,5.55,5
Hyderabad,2020,12,0.0,0.0,0.0,0
Hyderabad,2021,1,0.74,0.0237,0.74,1
Hyderabad,2021,2,1.64,0.0587,1.64,1
Hyderabad,2021,3,0.0,0.0,0.0,0
Hyderabad,2021,4,12.13,0.4044,4.68,4
Hyderabad,2021,5,59.6,1.9224,9.94,12
Hyderabad,2021,6,150.08,5.0027,30.43,16
Hyderabad,2021,7,242.32,7.8169,75.91,18
Hyderabad,2021,8,160.01,5.1615,34.4,20
Hyderabad,2021,9,279.08,9.3028,70.34,20
Hyderabad,2021,10,73.56,2.3729,31.91,5
Hyderabad,2021,11,29.66,0.9888,8.85,9
Hyderabad,2021,12,0.0,0.0,0.0,0
Hyderabad,2022,1,8.77,0.2828,6.76,4
Hyderabad,2022,2,0.0,0.0,0.0,0
Hyderabad,2022,3,0.0,0.0,0.0,0
Hyderabad,2022,4,20.85,0.6949,12.3,3
Hyderabad,2022,5,51.39,1.6576,45.63,5
Hyderabad,2022,6,112.09,3.7363,26.51,16
Hyderabad,2022,7,402.17,12.9732,65.76,26
Hyderabad,2022,8,95.62,3.0846,16.52,18
Hyderabad,2022,9,209.98,6.9992,39.01,16
Hyderabad,2022,10,129.03,4.1622,29.14,16
Hyderabad,2022,11,0.27,0.0091,0.27,1
Hyderabad,2022,12,16.05,0.5179,9.31,4
Hyderabad,2023,1,2.35,0.0758,1.92,2
Hyderabad,2023,2,0.0,0.0,0.0,0
Hyderabad,2023,3,52.18,1.6834,24.53,5
Hyderabad,2023,4,87.86,2.9285,51.2,10
Hyderabad,2023,5,67.0,2.1614,35.61,7
Hyderabad,2023,6,79.2,2.6401,29.97,14
Hyderabad,2023,7,319.94,10.3207,55.99,26
Hyderabad,2023,8,39.3,1.2676,16.63,16
Hyderabad,2023,9,221.49,7.383,62.75,22
Hyderabad,2023,10,0.0,0.0,0.0,0
Hyderabad,2023,11,15.91,0.5303,8.4,4
Hyderabad,2023,12,8.01,0.2584,6.06,2
Hyderabad,2024,1,0.0,0.0,0.0,0
Hyderabad,2024,2,0.0,0.0,0.0,0
Hyderabad,2024,3,1.39,0.045,1.15,2
Hyderabad,2024,4,3.3,0.11,2.93,2
Hyderabad,2024,5,78.39,2.5289,26.64,9
Hyderabad,2024,6,123.22,4.1074,36.81,18
Hyderabad,2024,7,134.23,4.33,24.35,22
Hyderabad,2024,8,221.65,7.1499,63.58,22
Hyderabad,2024,9,218.76,7.2919,55.17,19
Hyderabad,2024,10,57.58,1.8575,20.97,12
Hyderabad,2024,11,2.54,0.0846,1.99,3
Hyderabad,2024,12,17.84,0.5754,8.46,5
Hyderabad,2025,1,0.0,0.0,0.0,0
Hyderabad,2025,2,0.0,0.0,0.0,0
Hyderabad,2025,3,8.75,0.2822,8.75,1
Hyderabad,2025,4,37.25,1.2418,24.95,6
Hyderabad,2025,5,126.6,4.084,30.89,17
Hyderabad,2025,6,33.48,1.1159,14.34,11
Hyderabad,2025,7,178.66,5.7633,28.57,21
Hyderabad,2025,8,353.93,11.4172,54.5,21
Hyderabad,2025,9,263.62,8.7873,40.48,17
Hyderabad,2025,10,90.23,2.9106,32.38,18
Hyderabad,2025,11,11.01,0.3671,5.57,3
Hyderabad,2025,12,0.0,0.0,0.0,0
Mumbai,2015,1,0.0,0.0,0.0,0
Mumbai,2015,2,0.0,0.0,0.0,0
Mumbai,2015,3,13.02,0.4201,8.92,4
Mumbai,2015,4,0.73,0.0243,0.73,1
Mumbai,2015,5,1.15,0.037,1.15,1
Mumbai,2015,6,931.1,31.0365,221.85,25
Mumbai,2015,7,329.24,10.6207,50.46,27
Mumbai,2015,8,193.14,6.2303,21.42,30
Mumbai,2015,9,219.46,7.3154,70.57,20
Mumbai,2015,10,67.34,2.1721,39.34,8
Mumbai,2015,11,1.64,0.0545,1.25,2
Mumbai,2015,12,0.0,0.0,0.0,0
Mumbai,2016,1,0.0,0.0,0.0,0
Mumbai,2016,2,0.0,0.0,0.0,0
Mumbai,2016,3,4.84,0.1562,4.84,1
Mumbai,2016,4,0.0,0.0,0.0,0
Mumbai,2016,5,1.71,0.0553,1.12,3
Mumbai,2016,6,580.59,19.3529,121.55,18
Mumbai,2016,7,830.18,26.7799,93.11,31
Mumbai,2016,8,544.15,17.5533,90.5,31
Mumbai,2016,9,731.3,24.3766,140.66,27
Mumbai,2016,10,82.13,2.6493,26.08,7
Mumbai,2016,11,0.0,0.0,0.0,0
Mumbai,2016,12,0.0,0.0,0.0,0
Mumbai,2017,1,0.0,0.0,0.0,0
Mumbai,2017,2,0.0,0.0,0.0,0
Mumbai,2017,3,0.0,0.0,0.0,0
Mumbai,2017,4,0.0,0.0,0.0,0
Mumbai,2017,5,1.04,0.0337,0.94,2
Mumbai,2017,6,584.95,19.4982,81.29,26
Mumbai,2017,7,702.39,22.6576,132.63,31
Mumbai,2017,8,797.0,25.7096,178.26,30
Mumbai,2017,9,539.93,17.9978,241.89,20
Mumbai,2017,10,102.11,3.2938,46.5,11
Mumbai,2017,11,0.0,0.0,0.0,0
Mumbai,2017,12,79.69,2.5705,58.59,2
Mumbai,2018,1,0.0,0.0,0.0,0
Mumbai,2018,2,0.0,0.0,0.0,0
Mumbai,2018,3,0.0,0.0,0.0,0
Mumbai,2018,4,0.0,0.0,0.0,0
Mumbai,2018,5,0.0,0.0,0.0,0
Mumbai,2018,6,843.84,28.1279,145.14,26
Mumbai,2018,7,913.47,29.4668,172.92,30
Mumbai,2018,8,228.78,7.3799,22.2,31
Mumbai,2018,9,78.94,2.6312,21.72,20
Mumbai,2018,10,13.35,0.4308,13.35,1
Mumbai,2018,11,8.97,0.2989,7.35,2
Mumbai,2018,12,0.0,0.0,0.0,0
Mumbai,2019,1,0.0,0.0,0.0,0
Mumbai,2019,2,0.0,0.0,0.0,0
Mumbai,2019,3,0.0,0.0,0.0,0
Mumbai,2019,4,0.0,0.0,0.0,0
Mumbai,2019,5,0.0,0.0,0.0,0
Mumbai,2019,6,412.76,13.7588,136.15,18
Mumbai,2019,7,1302.47,42.015,232.29,31
Mumbai,2019,8,479.83,15.4785,176.87,31
Mumbai,2019,9,987.8,32.9266,144.74,30
Mumbai,2019,10,92.01,2.968,23.77,17
Mumbai,2019,11,57.01,1.9005,32.2,3
Mumbai,2019,12,1.17,0.0378,1.17,1
Mumbai,2020,1,0.0,0.0,0.0,0
Mumbai,2020,2,0.0,0.0,0.0,0
Mumbai,2020,3,0.1,0.0034,0.1,1
Mumbai,2020,4,0.0,0.0,0.0,0
Mumbai,2020,5,0.0,0.0,0.0,0
Mumbai,2020,6,439.81,14.6605,63.06,26
Mumbai,2020,7,1328.77,42.8634,176.64,30
Mumbai,2020,8,1182.08,38.1316,273.41,31
Mumbai,2020,9,411.25,13.7083,192.44,24
Mumbai,2020,10,184.46,5.9503,94.94,14
Mumbai,2020,11,0.0,0.0,0.0,0
Mumbai,2020,12,16.79,0.5415,9.21,6
Mumbai,2021,1,0.71,0.0229,0.49,2
Mumbai,2021,2,0.8,0.0287,0.8,1
Mumbai,2021,3,0.0,0.0,0.0,0
Mumbai,2021,4,0.0,0.0,0.0,0
Mumbai,2021,5,218.79,7.0578,178.67,9
Mumbai,2021,6,796.35,26.5448,139.79,29
Mumbai,2021,7,981.15,31.6499,199.49,29
Mumbai,2021,8,323.17,10.4248,51.01,30
Mumbai,2021,9,601.68,20.0561,93.29,28
Mumbai,2021,10,35.95,1.1595,19.39,7
Mumbai,2021,11,23.51,0.7838,11.4,6
Mumbai,2021,12,90.04,2.9047,84.47,3
Mumbai,2022,1,1.73,0.056,1.61,2
Mumbai,2022,2,0.0,0.0,0.0,0
Mumbai,2022,3,0.0,0.0,0.0,0
Mumbai,2022,4,0.0,0.0,0.0,0
Mumbai,2022,5,3.19,0.1028,1.77,3
Mumbai,2022,6,312.61,10.4204,48.07,21
Mumbai,2022,7,1085.66,35.0213,182.32,31
Mumbai,2022,8,404.2,13.0388,71.08,28
Mumbai,2022,9,541.58,18.0526,69.31,29
Mumbai,2022,10,203.54,6.5658,97.34,12
Mumbai,2022,11,0.0,0.0,0.0,0
Mumbai,2022,12,0.0,0.0,0.0,0
Mumbai,2023,1,0.0,0.0,0.0,0
Mumbai,2023,2,0.0,0.0,0.0,0
Mumbai,2023,3,22.75,0.7338,22.0,4
Mumbai,2023,4,5.29,0.1762,4.48,3
Mumbai,2023,5,9.54,0.3076,5.79,4
Mumbai,2023,6,483.73,16.1243,140.34,15
Mumbai,2023,7,1532.41,49.4325,175.16,31
Mumbai,2023,8,154.26,4.9762,23.09,30
Mumbai,2023,9,480.08,16.0026,62.73,29
Mumbai,2023,10,21.66,0.6987,18.28,3
Mumbai,2023,11,30.78,1.0261,16.68,6
Mumbai,2023,12,0.0,0.0,0.0,0
Mumbai,2024,1,0.4,0.0129,0.4,1
Mumbai,2024,2,0.0,0.0,0.0,0
Mumbai,2024,3,1.49,0.0482,1.49,1
Mumbai,2024,4,0.0,0.0,0.0,0
Mumbai,2024,5,7.62,0.2459,7.62,1
Mumbai,2024,6,441.22,14.7074,79.43,23
Mumbai,2024,7,1532.53,49.4364,154.26,31
Mumbai,2024,8,346.34,11.1722,72.88,28
Mumbai,2024,9,527.65,17.5884,165.25,25
Mumbai,2024,10,111.26,3.589,32.83,15
Mumbai,2024,11,0.0,0.0,0.0,0
Mumbai,2024,12,0.0,0.0,0.0,0
Mumbai,2025,1,0.0,0.0,0.0,0
Mumbai,2025,2,0.0,0.0,0.0,0
Mumbai,2025,3,0.0,0.0,0.0,0
Mumbai,2025,4,0.78,0.026,0.78,1
Mumbai,2025,5,393.03,12.6783,139.5,19
Mumbai,2025,6,618.88,20.6295,119.02,28
Mumbai,2025,7,562.25,18.1372,82.01,29
Mumbai,2025,8,877.82,28.3169,159.64,30
Mumbai,2025,9,579.5,19.3168,101.93,28
Mumbai,2025,10,112.16,3.6181,28.04,19
Mumbai,2025,11,38.32,1.2773,25.53,4
Mumbai,2025,12,0.0,0.0,0.0,0
Nagpur,2015,1,4.39,0.1418,2.97,2
Nagpur,2015,2,7.99,0.2853,6.33,3
Nagpur,2015,3,58.94,1.9013,32.47,6
Nagpur,2015,4,44.19,1.473,16.01,6
Nagpur,2015,5,7.74,0.2497,7.02,2
Nagpur,2015,6,273.8,9.1265,58.1,19
Nagpur,2015,7,192.01,6.194,51.49,16
Nagpur,2015,8,460.15,14.8436,138.82,19
Nagpur,2015,9,106.61,3.5538,41.56,10
Nagpur,2015,10,9.83,0.3171,9.55,2
Nagpur,2015,11,0.88,0.0293,0.88,1
Nagpur,2015,12,0.0,0.0,0.0,0
Nagpur,2016,1,0.0,0.0,0.0,0
Nagpur,2016,2,12.28,0.4233,9.99,2
Nagpur,2016,3,10.63,0.3428,6.88,4
Nagpur,2016,4,3.7,0.1233,3.7,1
Nagpur,2016,5,5.67,0.183,5.33,3
Nagpur,2016,6,160.12,5.3373,72.87,14
Nagpur,2016,7,390.66,12.6018,46.23,27
Nagpur,2016,8,112.69,3.635,23.17,17
Nagpur,2016,9,118.96,3.9653,19.48,17
Nagpur,2016,10,81.44,2.6269,27.3,7
Nagpur,2016,11,0.0,0.0,0.0,0
Nagpur,2016,12,0.0,0.0,0.0,0
Nagpur,2017,1,0.14,0.0044,0.14,1
Nagpur,2017,2,0.0,0.0,0.0,0
Nagpur,2017,3,0.0,0.0,0.0,0
Nagpur,2017,4,0.0,0.0,0.0,0
Nagpur,2017,5,14.56,0.4698,7.38,3
Nagpur,2017,6,123.49,4.1163,46.4,19
Nagpur,2017,7,234.22,7.5555,98.9,25
Nagpur,2017,8,312.51,10.081,133.43,21
Nagpur,2017,9,109.6,3.6533,37.04,16
Nagpur,2017,10,30.72,0.9911,10.65,8
Nagpur,2017,11,0.0,0.0,0.0,0
Nagpur,2017,12,0.0,0.0,0.0,0
Nagpur,2018,1,0.0,0.0,0.0,0
Nagpur,2018,2,25.54,0.912,14.87,3
Nagpur,2018,3,0.98,0.0316,0.74,2
Nagpur,2018,4,13.06,0.4352,8.2,4
Nagpur,2018,5,26.88,0.8671,26.32,3
Nagpur,2018,6,314.45,10.4818,57.59,17
Nagpur,2018,7,402.55,12.9856,144.51,23
Nagpur,2018,8,266.98,8.6122,128.39,18
Nagpur,2018,9,138.4,4.6134,41.46,8
Nagpur,2018,10,0.0,0.0,0.0,0
Nagpur,2018,11,0.0,0.0,0.0,0
Nagpur,2018,12,16.61,0.5357,9.89,4
Nagpur,2019,1,15.47,0.4992,13.81,2
Nagpur,2019,2,0.24,0.0085,0.24,1
Nagpur,2019,3,5.08,0.1638,4.05,2
Nagpur,2019,4,1.46,0.0485,0.63,4
Nagpur,2019,5,0.0,0.0,0.0,0
Nagpur,2019,6,42.05,1.4018,18.94,7
Nagpur,2019,7,369.83,11.93,78.49,20
Nagpur,2019,8,308.23,9.943,59.89,24
Nagpur,2019,9,400.46,13.3486,77.86,28
Nagpur,2019,10,55.77,1.7989,16.31,8
Nagpur,2019,11,1.28,0.0428,0.73,2
Nagpur,2019,12,11.46,0.3698,7.08,3
Nagpur,2020,1,32.19,1.0385,17.61,5
Nagpur,2020,2,12.57,0.4335,11.81,2
Nagpur,2020,3,39.1,1.2614,14.08,7
Nagpur,2020,4,19.92,0.6641,11.1,6
Nagpur,2020,5,16.63,0.5365,13.59,5
Nagpur,2020,6,229.74,7.6579,34.98,25
Nagpur,2020,7,322.4,10.3999,48.01,25
Nagpur,2020,8,455.49,14.6931,86.45,29
Nagpur,2020,9,114.68,3.8228,18.75,18
Nagpur,2020,10,44.81,1.4456,28.5,11
Nagpur,2020,11,6.18,0.2061,4.9,2
Nagpur,2020,12,0.28,0.0089,0.14,2
Nagpur,2021,1,4.31,0.139,4.31,1
Nagpur,2021,2,7.35,0.2625,3.27,3
Nagpur,2021,3,31.16,1.0052,15.41,7
Nagpur,2021,4,1.76,0.0587,1.6,2
Nagpur,2021,5,40.48,1.3057,33.19,8
Nagpur,2021,6,258.29,8.6098,50.04,25
Nagpur,2021,7,330.03,10.6461,79.97,23
Nagpur,2021,8,157.72,5.0879,34.73,21
Nagpur,2021,9,358.07,11.9356,34.9,26
Nagpur,2021,10,24.83,0.8009,9.18,7
Nagpur,2021,11,2.58,0.0858,2.58,1
Nagpur,2021,12,11.19,0.361,11.19,1
Nagpur,2022,1,32.07,1.0344,24.15,5
Nagpur,2022,2,2.76,0.0987,2.58,2
Nagpur,2022,3,0.19,0.006,0.19,1
Nagpur,2022,4,0.0,0.0,0.0,0
Nagpur,2022,5,2.7,0.0872,2.38,2
Nagpur,2022,6,110.85,3.6952,41.59,14
Nagpur,2022,7,644.06,20.776,80.93,31
Nagpur,2022,8,390.93,12.6106,84.49,24
Nagpur,2022,9,271.36,9.0452,53.19,26
Nagpur,2022,10,142.39,4.5931,61.86,12
Nagpur,2022,11,0.0,0.0,0.0,0
Nagpur,2022,12,0.65,0.0211,0.65,1
Nagpur,2023,1,4.47,0.1442,4.12,2
Nagpur,2023,2,0.0,0.0,0.0,0
Nagpur,2023,3,10.86,0.3504,7.17,10
Nagpur,2023,4,71.99,2.3995,19.36,13
Nagpur,2023,5,68.32,2.204,38.44,10
Nagpur,2023,6,111.46,3.7153,25.01,17
Nagpur,2023,7,401.89,12.9643,113.13,29
Nagpur,2023,8,191.21,6.1679,49.98,21
Nagpur,2023,9,359.4,11.9799,85.15,25
Nagpur,2023,10,9.01,0.2905,3.55,6
Nagpur,2023,11,18.67,0.6224,11.53,2
Nagpur,2023,12,8.53,0.2751,8.1,4
Nagpur,2024,1,5.61,0.1811,2.53,5
Nagpur,2024,2,12.53,0.432,9.3,4
Nagpur,2024,3,37.38,1.2059,12.12,8
Nagpur,2024,4,78.81,2.6269,17.66,14
Nagpur,2024,5,53.96,1.7405,38.15,6
Nagpur,2024,6,148.63,4.9543,29.48,23
Nagpur,2024,7,514.66,16.6021,106.08,31
Nagpur,2024,8,199.53,6.4365,28.36,29
Nagpur,2024,9,273.29,9.1097,47.81,25
Nagpur,2024,10,13.34,0.4303,4.76,9
Nagpur,2024,11,0.0,0.0,0.0,0
Nagpur,2024,12,2.33,0.0752,2.0,2
Nagpur,2025,1,0.1,0.0032,0.1,1
Nagpur,2025,2,0.0,0.0,0.0,0
Nagpur,2025,3,0.0,0.0,0.0,0
Nagpur,2025,4,29.53,0.9843,18.07,8
Nagpur,2025,5,150.5,4.8547,49.95,20
Nagpur,2025,6,123.34,4.1114,41.37,16
Nagpur,2025,7,495.91,15.9969,148.26,28
Nagpur,2025,8,206.61,6.6648,62.83,27
Nagpur,2025,9,225.4,7.5134,52.09,23
Nagpur,2025,10,82.83,2.672,22.92,9
Nagpur,2025,11,7.42,0.2474,5.6,2
Nagpur,2025,12,0.0,0.0,0.0,0
Nashik,2015,1,5.21,0.1682,4.47,3
Nashik,2015,2,0.0,0.0,0.0,0
Nashik,2015,3,47.28,1.5251,15.11,7
Nashik,2015,4,7.78,0.2593,5.91,4
Nashik,2015,5,0.22,0.007,0.22,1
Nashik,2015,6,112.46,3.7487,29.07,10
Nashik,2015,7,107.64,3.4724,22.01,14
Nashik,2015,8,35.15,1.134,8.61,18
Nashik,2015,9,226.52,7.5506,81.79,13
Nashik,2015,10,38.86,1.2535,16.31,6
Nashik,2015,11,19.89,0.6629,8.82,3
Nashik,2015,12,0.0,0.0,0.0,0
Nashik,2016,1,0.0,0.0,0.0,0
Nashik,2016,2,0.0,0.0,0.0,0
Nashik,2016,3,15.04,0.4852,7.46,5
Nashik,2016,4,0.0,0.0,0.0,0
Nashik,2016,5,26.34,0.8498,14.35,4
Nashik,2016,6,54.64,1.8214,26.6,8
Nashik,2016,7,368.14,11.8754,131.7,28
Nashik,2016,8,362.32,11.6878,136.01,21
Nashik,2016,9,105.5,3.5166,23.11,20
Nashik,2016,10,54.41,1.755,25.25,6
Nashik,2016,11,0.0,0.0,0.0,0
Nashik,2016,12,0.0,0.0,0.0,0
Nashik,2017,1,0.0,0.0,0.0,0
Nashik,2017,2,0.0,0.0,0.0,0
Nashik,2017,3,0.0,0.0,0.0,0
Nashik,2017,4,0.0,0.0,0.0,0
Nashik,2017,5,8.66,0.2792,8.54,2
Nashik,2017,6,159.78,5.3259,36.98,19
Nashik,2017,7,398.63,12.8591,51.65,27
Nashik,2017,8,144.54,4.6625,33.43,28
Nashik,2017,9,111.61,3.7204,18.52,18
Nashik,2017,10,141.61,4.5679,29.29,10
Nashik,2017,11,0.0,0.0,0.0,0
Nashik,2017,12,8.09,0.2609,6.09,2
Nashik,2018,1,0.0,0.0,0.0,0
Nashik,2018,2,0.0,0.0,0.0,0
Nashik,2018,3,0.46,0.0147,0.46,1
Nashik,2018,4,0.0,0.0,0.0,0
Nashik,2018,5,0.0,0.0,0.0,0
Nashik,2018,6,103.6,3.4534,33.76,16
Nashik,2018,7,212.68,6.8606,40.62,26
Nashik,2018,8,129.56,4.1794,24.03,28
Nashik,2018,9,34.69,1.1564,17.67,10
Nashik,2018,10,13.31,0.4293,10.01,5
Nashik,2018,11,15.47,0.5155,15.19,2
Nashik,2018,12,0.0,0.0,0.0,0
Nashik,2019,1,0.0,0.0,0.0,0
Nashik,2019,2,0.0,0.0,0.0,0
Nashik,2019,3,0.0,0.0,0.0,0
Nashik,2019,4,5.28,0.1759,2.72,4
Nashik,2019,5,0.0,0.0,0.0,0
Nashik,2019,6,71.18,2.3726,15.17,13
Nashik,2019,7,423.94,13.6754,56.48,27
Nashik,2019,8,372.89,12.0286,139.41,21
Nashik,2019,9,201.34,6.7115,45.34,23
Nashik,2019,10,151.57,4.8895,30.39,18
Nashik,2019,11,37.91,1.2638,36.61,2
Nashik,2019,12,0.0,0.0,0.0,0
Nashik,2020,1,0.0,0.0,0.0,0
Nashik,2020,2,0.0,0.0,0.0,0
Nashik,2020,3,1.78,0.0573,1.78,1
Nashik,2020,4,0.0,0.0,0.0,0
Nashik,2020,5,16.6,0.5354,8.25,3
Nashik,2020,6,288.58,9.6194,101.65,20
Nashik,2020,7,103.78,3.3477,16.33,25
Nashik,2020,8,232.3,7.4937,28.33,29
Nashik,2020,9,216.68,7.2226,38.97,23
Nashik,2020,10,90.12,2.9071,27.06,12
Nashik,2020,11,6.33,0.2112,5.53,2
Nashik,2020,12,9.68,0.3123,8.97,3
Nashik,2021,1,22.76,0.7342,15.73,4
Nashik,2021,2,7.91,0.2826,7.91,1
Nashik,2021,3,0.57,0.0185,0.57,1
Nashik,2021,4,18.64,0.6214,14.76,3
Nashik,2021,5,58.67,1.8927,20.97,10
Nashik,2021,6,103.69,3.4562,17.78,21
Nashik,2021,7,144.2,4.6516,23.28,23
Nashik,2021,8,123.73,3.9912,26.29,22
Nashik,2021,9,184.09,6.1364,37.12,24
Nashik,2021,10,102.04,3.2916,17.56,13
Nashik,2021,11,41.23,1.3744,30.15,7
Nashik,2021,12,63.87,2.0605,61.76,2
Nashik,2022,1,1.25,0.0402,1.25,1
Nashik,2022,2,0.0,0.0,0.0,0
Nashik,2022,3,1.82,0.0587,1.0,3
Nashik,2022,4,0.0,0.0,0.0,0
Nashik,2022,5,0.0,0.0,0.0,0
Nashik,2022,6,118.71,3.957,32.4,15
Nashik,2022,7,441.68,14.2477,89.75,26
Nashik,2022,8,203.14,6.5528,52.6,26
Nashik,2022,9,383.94,12.798,73.5,21
Nashik,2022,10,174.82,5.6393,42.36,11
Nashik,2022,11,0.0,0.0,0.0,0
Nashik,2022,12,6.75,0.2177,6.75,1
Nashik,2023,1,0.0,0.0,0.0,0
Nashik,2023,2,0.0,0.0,0.0,0
Nashik,2023,3,21.32,0.6878,5.27,8
Nashik,2023,4,14.9,0.4968,5.79,8
Nashik,2023,5,0.65,0.0211,0.65,1
Nashik,2023,6,41.75,1.3916,15.08,9
Nashik,2023,7,149.24,4.8142,19.36,29
Nashik,2023,8,48.9,1.5773,5.25,27
Nashik,2023,9,252.93,8.4311,71.29,20
Nashik,2023,10,4.49,0.1448,2.26,2
Nashik,2023,11,27.92,0.9305,23.45,3
Nashik,2023,12,0.0,0.0,0.0,0
Nashik,2024,1,0.62,0.0201,0.62,1
Nashik,2024,2,0.16,0.0054,0.16,1
Nashik,2024,3,0.0,0.0,0.0,0
Nashik,2024,4,2.37,0.079,1.87,2
Nashik,2024,5,16.13,0.5203,7.41,5
Nashik,2024,6,133.26,4.4421,27.66,20
Nashik,2024,7,184.3,5.9453,30.14,26
Nashik,2024,8,289.01,9.323,53.09,28
Nashik,2024,9,175.84,5.8614,58.23,24
Nashik,2024,10,141.35,4.5598,33.74,11
Nashik,2024,11,0.0,0.0,0.0,0
Nashik,2024,12,22.5,0.7259,16.65,3
Nashik,2025,1,0.0,0.0,0.0,0
Nashik,2025,2,0.0,0.0,0.0,0
Nashik,2025,3,0.0,0.0,0.0,0
Nashik,2025,4,2.82,0.0941,2.25,2
Nashik,2025,5,221.15,7.1338,41.37,21
Nashik,2025,6,288.55,9.6184,51.55,22
Nashik,2025,7,228.24,7.3624,41.92,26
Nashik,2025,8,136.73,4.4105,36.32,26
Nashik,2025,9,273.54,9.1179,73.41,24
Nashik,2025,10,72.8,2.3484,32.38,15
Nashik,2025,11,4.42,0.1472,1.65,3
Nashik,2025,12,0.0,0.0,0.0,0
Pune,2015,1,0.0,0.0,0.0,0
Pune,2015,2,0.0,0.0,0.0,0
Pune,2015,3,59.44,1.9174,43.34,5
Pune,2015,4,0.19,0.0064,0.19,1
Pune,2015,5,104.72,3.378,95.97,6
Pune,2015,6,261.44,8.7147,59.35,18
Pune,2015,7,66.85,2.1565,14.91,19
Pune,2015,8,24.44,0.7885,5.16,20
Pune,2015,9,137.45,4.5816,39.59,12
Pune,2015,10,76.54,2.4691,29.34,6
Pune,2015,11,107.07,3.5688,92.35,3
Pune,2015,12,0.0,0.0,0.0,0
Pune,2016,1,0.0,0.0,0.0,0
Pune,2016,2,0.0,0.0,0.0,0
Pune,2016,3,13.56,0.4375,11.53,2
Pune,2016,4,1.27,0.0423,1.09,2
Pune,2016,5,8.68,0.2801,4.3,3
Pune,2016,6,63.6,2.12,16.19,13
Pune,2016,7,243.0,7.8386,67.62,26
Pune,2016,8,243.99,7.8706,74.56,20
Pune,2016,9,63.16,2.1052,17.65,17
Pune,2016,10,59.88,1.9317,37.18,8
Pune,2016,11,0.0,0.0,0.0,0
Pune,2016,12,0.0,0.0,0.0,0
Pune,2017,1,0.0,0.0,0.0,0
Pune,2017,2,0.0,0.0,0.0,0
Pune,2017,3,0.0,0.0,0.0,0
Pune,2017,4,0.0,0.0,0.0,0
Pune,2017,5,8.49,0.2739,5.74,4
Pune,2017,6,177.34,5.9113,49.53,15
Pune,2017,7,218.67,7.0537,29.44,26
Pune,2017,8,167.82,5.4137,60.36,23
Pune,2017,9,156.74,5.2247,37.16,19
Pune,2017,10,163.46,5.2728,94.68,11
Pune,2017,11,12.64,0.4212,7.06,4
Pune,2017,12,2.69,0.0868,2.69,1
Pune,2018,1,0.0,0.0,0.0,0
Pune,2018,2,0.0,0.0,0.0,0
Pune,2018,3,0.19,0.006,0.19,1
Pune,2018,4,0.64,0.0215,0.64,1
Pune,2018,5,0.31,0.01,0.2,2
Pune,2018,6,161.11,5.3703,63.4,18
Pune,2018,7,202.2,6.5226,51.34,27
Pune,2018,8,98.24,3.1689,10.77,28
Pune,2018,9,39.14,1.3045,8.02,12
Pune,2018,10,34.34,1.1076,10.09,8
Pune,2018,11,2.7,0.09,2.2,2
Pune,2018,12,0.0,0.0,0.0,0
Pune,2019,1,0.0,0.0,0.0,0
Pune,2019,2,0.0,0.0,0.0,0
Pune,2019,3,0.0,0.0,0.0,0
Pune,2019,4,2.0,0.0665,1.1,4
Pune,2019,5,0.0,0.0,0.0,0
Pune,2019,6,207.27,6.9092,64.08,15
Pune,2019,7,397.25,12.8146,78.68,27
Pune,2019,8,224.98,7.2573,47.7,23
Pune,2019,9,277.84,9.2613,78.09,25
Pune,2019,10,282.8,9.1225,46.41,19
Pune,2019,11,90.01,3.0002,49.07,5
Pune,2019,12,0.93,0.0301,0.93,1
Pune,2020,1,0.0,0.0,0.0,0
Pune,2020,2,0.0,0.0,0.0,0
Pune,2020,3,9.17,0.296,4.56,5
Pune,2020,4,0.2,0.0067,0.2,1
Pune,2020,5,23.2,0.7483,16.28,5
Pune,2020,6,198.98,6.6327,47.64,21
Pune,2020,7,118.93,3.8363,30.21,21
Pune,2020,8,262.35,8.463,59.77,28
Pune,2020,9,212.48,7.0827,37.68,19
Pune,2020,10,317.58,10.2446,116.42,18
Pune,2020,11,5.27,0.1755,5.27,1
Pune,2020,12,3.95,0.1275,3.95,1
Pune,2021,1,32.89,1.0609,28.69,2
Pune,2021,2,0.31,0.011,0.31,1
Pune,2021,3,2.18,0.0705,2.18,1
Pune,2021,4,32.68,1.0893,17.9,4
Pune,2021,5,88.93,2.8687,26.54,13
Pune,2021,6,144.6,4.82,42.42,23
Pune,2021,7,226.27,7.2991,74.65,26
Pune,2021,8,36.46,1.1761,5.33,21
Pune,2021,9,85.3,2.8432,18.15,25
Pune,2021,10,128.32,4.1392,50.74,11
Pune,2021,11,20.31,0.6768,8.33,7
Pune,2021,12,78.92,2.5457,76.41,4
Pune,2022,1,0.18,0.0058,0.18,1
Pune,2022,2,0.0,0.0,0.0,0
Pune,2022,3,1.82,0.0587,1.82,1
Pune,2022,4,0.0,0.0,0.0,0
Pune,2022,5,0.41,0.0132,0.41,1
Pune,2022,6,32.7,1.0902,25.31,10
Pune,2022,7,391.89,12.6416,61.19,31
Pune,2022,8,163.4,5.2709,30.6,23
Pune,2022,9,205.2,6.84,40.59,21
Pune,2022,10,278.19,8.974,92.63,17
Pune,2022,11,0.0,0.0,0.0,0
Pune,2022,12,0.98,0.0315,0.98,1
Pune,2023,1,0.0,0.0,0.0,0
Pune,2023,2,0.0,0.0,0.0,0
Pune,2023,3,9.54,0.3077,4.14,5
Pune,2023,4,36.99,1.233,23.97,7
Pune,2023,5,19.45,0.6275,8.95,7
Pune,2023,6,85.71,2.857,15.14,17
Pune,2023,7,161.55,5.2111,20.48,31
Pune,2023,8,44.9,1.4483,6.23,29
Pune,2023,9,173.02,5.7673,38.24,23
Pune,2023,10,18.81,0.6066,11.6,6
Pune,2023,11,32.42,1.0805,27.15,2
Pune,2023,12,0.0,0.0,0.0,0
Pune,2024,1,1.62,0.0521,1.62,1
Pune,2024,2,0.0,0.0,0.0,0
Pune,2024,3,2.14,0.069,1.94,2
Pune,2024,4,11.52,0.3841,4.86,4
Pune,2024,5,94.66,3.0536,39.84,10
Pune,2024,6,249.69,8.323,114.0,22
Pune,2024,7,404.54,13.0496,113.95,28
Pune,2024,8,270.92,8.7394,38.58,26
Pune,2024,9,205.05,6.8352,129.7,22
Pune,2024,10,54.02,1.7425,22.07,8
Pune,2024,11,0.0,0.0,0.0,0
Pune,2024,12,6.22,0.2008,5.83,2
Pune,2025,1,0.0,0.0,0.0,0
Pune,2025,2,0.0,0.0,0.0,0
Pune,2025,3,0.0,0.0,0.0,0
Pune,2025,4,7.4,0.2466,7.4,1
Pune,2025,5,250.85,8.092,41.81,16
Pune,2025,6,270.11,9.0036,61.93,23
Pune,2025,7,134.02,4.3232,18.5,26
Pune,2025,8,163.58,5.2768,60.64,23
Pune,2025,9,321.18,10.7059,95.23,23
Pune,2025,10,67.14,2.1657,19.62,11
Pune,2025,11,3.68,0.1226,2.13,2
Pune,2025,12,0.0,0.0,0.0,0
