date,grid_id,risk_score,risk_level,trend,anomaly,temporal_rainfall,vulnerability
2026-08-01,PUNE_G001,32.2,LOW,STABLE,32.1,21.8,44.69
2026-08-01,PUNE_G002,27.7,LOW,STABLE,25.5,19.7,41.07
2026-08-01,PUNE_G003,48.9,MODERATE,STABLE,42.5,32.1,80.62
2026-08-01,PUNE_G004,37.1,LOW,STABLE,36.8,23.7,53.83
2026-08-02,PUNE_G001,32.0,LOW,STABLE,31.1,22.8,44.69
2026-08-02,PUNE_G002,28.9,LOW,STABLE,26.1,22.8,41.07
2026-08-02,PUNE_G003,45.7,MODERATE,STABLE,37.1,29.5,80.62
2026-08-02,PUNE_G004,38.1,LOW,STABLE,35.7,28.5,53.83
2026-08-03,PUNE_G001,33.4,LOW,STABLE,30.4,28.4,44.69
2026-08-03,PUNE_G002,31.1,LOW,STABLE,33.1,19.8,41.07
2026-08-03,PUNE_G003,50.0,MODERATE,STABLE,46.5,34.8,80.62
2026-08-03,PUNE_G004,36.7,LOW,STABLE,34.0,26.5,53.83
2026-08-04,PUNE_G001,36.9,LOW,STABLE,39.0,27.4,44.69
2026-08-04,PUNE_G002,28.9,LOW,STABLE,27.1,21.4,41.07
2026-08-04,PUNE_G003,50.0,MODERATE,STABLE,48.6,35.3,80.62
2026-08-04,PUNE_G004,41.1,MODERATE,STABLE,40.0,32.2,53.83
2026-08-05,PUNE_G001,37.5,LOW,STABLE,36.1,33.5,44.69
2026-08-05,PUNE_G002,32.0,LOW,STABLE,31.1,25.9,41.07
2026-08-05,PUNE_G003,50.0,MODERATE,STABLE,50,36.6,80.62
2026-08-05,PUNE_G004,41.9,MODERATE,STABLE,41.9,32.1,53.83
2026-08-06,PUNE_G001,36.9,LOW,STABLE,39.0,27.2,44.69
2026-08-06,PUNE_G002,31.5,LOW,STABLE,30.7,24.7,41.07
2026-08-06,PUNE_G003,50.0,MODERATE,STABLE,44.2,34.8,80.62
2026-08-06,PUNE_G004,38.7,LOW,STABLE,35.6,30.8,53.83
2026-08-07,PUNE_G001,38.2,LOW,STABLE,39.6,30.8,44.69
2026-08-07,PUNE_G002,32.8,LOW,STABLE,33.3,25.0,41.07
2026-08-07,PUNE_G003,50.0,MODERATE,STABLE,47.7,41.7,80.62
2026-08-07,PUNE_G004,42.9,MODERATE,STABLE,42.4,34.5,53.83
2026-08-08,PUNE_G001,37.9,LOW,STABLE,36.2,34.7,44.69
2026-08-08,PUNE_G002,33.0,LOW,STABLE,32.4,27.2,41.07
2026-08-08,PUNE_G003,50.0,MODERATE,STABLE,50,40.6,80.62
2026-08-08,PUNE_G004,43.7,MODERATE,STABLE,42.9,36.3,53.83
2026-08-09,PUNE_G001,41.9,MODERATE,STABLE,44.2,36.2,44.69
2026-08-09,PUNE_G002,33.3,LOW,STABLE,34.2,25.4,41.07
2026-08-09,PUNE_G003,50.0,MODERATE,STABLE,50,38.9,80.62
2026-08-09,PUNE_G004,43.6,MODERATE,STABLE,40.8,39.4,53.83
2026-08-10,PUNE_G001,41.8,MODERATE,STABLE,45.8,33.5,44.69
2026-08-10,PUNE_G002,36.8,LOW,STABLE,39.6,29.2,41.07
2026-08-10,PUNE_G003,50.0,MODERATE,STABLE,50,41.7,80.62
2026-08-10,PUNE_G004,43.1,MODERATE,STABLE,42.6,35.0,53.83
2026-08-11,PUNE_G001,42.6,MODERATE,STABLE,46.0,35.9,44.69
2026-08-11,PUNE_G002,39.8,LOW,STABLE,41.9,35.6,41.07
2026-08-11,PUNE_G003,50.0,MODERATE,STABLE,50,43.1,80.62
2026-08-11,PUNE_G004,48.0,MODERATE,STABLE,50,40.0,53.83
2026-08-12,PUNE_G001,39.4,LOW,INCREASING,40.4,33.5,44.69
2026-08-12,PUNE_G002,36.5,LOW,INCREASING,36.4,32.8,41.07
2026-08-12,PUNE_G003,50.0,MODERATE,INCREASING,50,43.9,80.62
2026-08-12,PUNE_G004,44.4,MODERATE,INCREASING,43.3,38.3,53.83
2026-08-13,PUNE_G001,44.0,MODERATE,INCREASING,48.6,36.6,44.69
2026-08-13,PUNE_G002,40.4,MODERATE,INCREASING,44.2,34.1,41.07
2026-08-13,PUNE_G003,50.0,MODERATE,INCREASING,50,45,80.62
2026-08-13,PUNE_G004,47.0,MODERATE,INCREASING,48.6,38.8,53.83
2026-08-14,PUNE_G001,40.4,MODERATE,INCREASING,40.5,36.8,44.69
2026-08-14,PUNE_G002,35.0,LOW,INCREASING,34.9,30.1,41.07
2026-08-14,PUNE_G003,50.0,MODERATE,INCREASING,50,45,80.62
2026-08-14,PUNE_G004,46.6,MODERATE,INCREASING,49.7,35.8,53.83
2026-08-15,PUNE_G001,39.8,LOW,INCREASING,42.0,32.4,44.69
2026-08-15,PUNE_G002,39.1,LOW,INCREASING,42.1,33.0,41.07
2026-08-15,PUNE_G003,50.0,MODERATE,INCREASING,50,43.1,80.62
2026-08-15,PUNE_G004,44.5,MODERATE,INCREASING,46.1,34.2,53.83
2026-08-16,PUNE_G001,41.3,MODERATE,INCREASING,43.8,34.6,44.69
2026-08-16,PUNE_G002,37.1,LOW,INCREASING,40.0,29.6,41.07
2026-08-16,PUNE_G003,50.0,MODERATE,INCREASING,48.9,39.8,80.62
2026-08-16,PUNE_G004,43.1,MODERATE,INCREASING,39.3,39.7,53.83
2026-08-17,PUNE_G001,41.9,MODERATE,INCREASING,44.1,36.3,44.69
2026-08-17,PUNE_G002,33.4,LOW,INCREASING,34.6,25.3,41.07
2026-08-17,PUNE_G003,50.0,MODERATE,INCREASING,50,43.9,80.62
2026-08-17,PUNE_G004,41.7,MODERATE,INCREASING,39.1,35.4,53.83
2026-08-18,PUNE_G001,37.5,LOW,STABLE,35.2,35.0,44.69
2026-08-18,PUNE_G002,35.1,LOW,STABLE,38.4,25.2,41.07
2026-08-18,PUNE_G003,50.0,MODERATE,STABLE,50,39.9,80.62
2026-08-18,PUNE_G004,42.8,MODERATE,STABLE,40.0,37.8,53.83
2026-08-19,PUNE_G001,37.2,LOW,STABLE,37.9,29.9,44.69
2026-08-19,PUNE_G002,35.0,LOW,STABLE,35.4,29.4,41.07
2026-08-19,PUNE_G003,50.0,MODERATE,STABLE,47.6,37.1,80.62
2026-08-19,PUNE_G004,44.9,MODERATE,STABLE,46.4,35.2,53.83
2026-08-20,PUNE_G001,37.4,LOW,STABLE,37.2,31.6,44.69
2026-08-20,PUNE_G002,31.4,LOW,STABLE,30.4,24.8,41.07
2026-08-20,PUNE_G003,50.0,MODERATE,STABLE,47.9,38.5,80.62
2026-08-20,PUNE_G004,39.8,LOW,STABLE,37.8,31.1,53.83
2026-08-21,PUNE_G001,33.8,LOW,STABLE,30.4,29.9,44.69
2026-08-21,PUNE_G002,31.5,LOW,STABLE,28.6,28.0,41.07
2026-08-21,PUNE_G003,50.0,MODERATE,STABLE,49.0,31.2,80.62
2026-08-21,PUNE_G004,38.6,LOW,STABLE,34.5,31.9,53.83
2026-08-22,PUNE_G001,32.5,LOW,STABLE,30.7,25.1,44.69
2026-08-22,PUNE_G002,33.3,LOW,STABLE,34.8,24.6,41.07
2026-08-22,PUNE_G003,50.0,MODERATE,STABLE,43.7,35.9,80.62
2026-08-22,PUNE_G004,39.2,LOW,STABLE,39.1,27.1,53.83
2026-08-23,PUNE_G001,32.0,LOW,STABLE,28.5,26.6,44.69
2026-08-23,PUNE_G002,30.1,LOW,STABLE,28.7,23.0,41.07
2026-08-23,PUNE_G003,50.0,MODERATE,STABLE,44.9,33.9,80.62
2026-08-23,PUNE_G004,39.0,LOW,STABLE,39.7,25.5,53.83
2026-08-24,PUNE_G001,32.4,LOW,STABLE,30.5,25.0,44.69
2026-08-24,PUNE_G002,30.9,LOW,STABLE,32.1,20.5,41.07
2026-08-24,PUNE_G003,46.7,MODERATE,STABLE,38.2,31.1,80.62
2026-08-24,PUNE_G004,36.1,LOW,STABLE,33.0,26.0,53.83
2026-08-25,PUNE_G001,32.4,LOW,STABLE,27.9,28.8,44.69
2026-08-25,PUNE_G002,29.8,LOW,STABLE,27.0,24.6,41.07
2026-08-25,PUNE_G003,46.4,MODERATE,STABLE,40.4,26.9,80.62
2026-08-25,PUNE_G004,39.2,LOW,STABLE,37.6,29.5,53.83
2026-08-26,PUNE_G001,34.9,LOW,STABLE,34.1,27.9,44.69
2026-08-26,PUNE_G002,29.3,LOW,STABLE,30.1,18.3,41.07
2026-08-26,PUNE_G003,45.6,MODERATE,STABLE,38.4,27.1,80.62
2026-08-26,PUNE_G004,33.9,LOW,STABLE,30.5,22.4,53.83
2026-08-27,PUNE_G001,31.6,LOW,STABLE,27.1,27.5,44.69
2026-08-27,PUNE_G002,27.5,LOW,STABLE,23.3,22.5,41.07
2026-08-27,PUNE_G003,45.0,MODERATE,STABLE,36.7,27.7,80.62
2026-08-27,PUNE_G004,37.8,LOW,STABLE,34.9,28.9,53.83
2026-08-28,PUNE_G001,31.1,LOW,STABLE,27.9,24.5,44.69
2026-08-28,PUNE_G002,25.2,LOW,STABLE,21.2,17.9,41.07
2026-08-28,PUNE_G003,46.7,MODERATE,STABLE,40.4,27.9,80.62
2026-08-28,PUNE_G004,34.6,LOW,STABLE,29.7,26.0,53.83
2026-08-29,PUNE_G001,27.7,LOW,STABLE,21.8,22.5,44.69
2026-08-29,PUNE_G002,27.5,LOW,STABLE,23.8,21.6,41.07
2026-08-29,PUNE_G003,43.0,MODERATE,STABLE,30.9,29.9,80.62
2026-08-29,PUNE_G004,30.4,LOW,STABLE,23.9,20.6,53.83
2026-08-30,PUNE_G001,29.7,LOW,STABLE,26.2,22.4,44.69
2026-08-30,PUNE_G002,23.9,LOW,STABLE,20.2,15.0,41.07
2026-08-30,PUNE_G003,43.7,MODERATE,STABLE,36.9,23.2,80.62
2026-08-30,PUNE_G004,33.0,LOW,STABLE,27.9,23.2,53.83
2026-08-31,PUNE_G001,27.9,LOW,STABLE,23.3,20.8,44.69
2026-08-31,PUNE_G002,26.4,LOW,STABLE,22.1,20.7,41.07
2026-08-31,PUNE_G003,40.8,MODERATE,STABLE,28.7,25.9,80.62
2026-08-31,PUNE_G004,30.1,LOW,STABLE,23.3,20.4,53.83
